{
  "passed": false,
  "errors": [
    "Broken repository link: ACCEPTANCE_REPORT.md: docs/adr/0002-acceptance-attestations.md",
    "Broken repository link: ACCEPTANCE_REPORT.md: docs/evidence/acceptance/20261006T024719/manifest.json",
    "Broken repository link: ACCEPTANCE_REPORT.md: docs/evidence/acceptance/20261006T024719/setup.log",
    "Broken repository link: ACCEPTANCE_REPORT.md: docs/evidence/acceptance/20261006T024719/browser_setup.log",
    "Broken repository link: ACCEPTANCE_REPORT.md: docs/evidence/acceptance/20261006T024719/blender_version.log",
    "Broken repository link: ACCEPTANCE_REPORT.md: docs/evidence/acceptance/20261006T024719/security.log",
    "Broken repository link: ACCEPTANCE_REPORT.md: docs/evidence/acceptance/20261006T024719/tests_1.log",
    "Broken repository link: ACCEPTANCE_REPORT.md: docs/evidence/acceptance/20261006T024719/tests_2.log",
    "Broken repository link: ACCEPTANCE_REPORT.md: docs/evidence/acceptance/20261006T024719/remote.json",
    "Broken repository link: ACCEPTANCE_REPORT.md: docs/evidence/acceptance/20261006T024719/remote.json",
    "Broken repository link: ACCEPTANCE_REPORT.md: docs/evidence/acceptance/20261006T024719/drift.log",
    "Broken repository link: ACCEPTANCE_REPORT.md: docs/evidence/acceptance/20261006T024719/publication.log",
    "Broken repository link: ACCEPTANCE_REPORT.md: docs/evidence/acceptance/20261006T024719/publication_final.log",
    "Broken repository link: ACCEPTANCE_REPORT.md: robotops/hkm_geometry.py",
    "Broken repository link: ACCEPTANCE_REPORT.md: blender/scripts/hkm_scene.py",
    "Broken repository link: ACCEPTANCE_REPORT.md: tests/blender/test_hkm_runtime.py",
    "Broken repository link: ACCEPTANCE_REPORT.md: robotops/robotics/catalogue-v1.json",
    "Broken repository link: ACCEPTANCE_REPORT.md: robotops/hkm_geometry.py",
    "Broken repository link: ACCEPTANCE_REPORT.md: tests/blender/test_hkm_runtime.py",
    "Broken repository link: ACCEPTANCE_REPORT.md: robotops/robotics/models.py",
    "Broken repository link: ACCEPTANCE_REPORT.md: robotops/robotics/catalogue-v1.json",
    "Broken repository link: ACCEPTANCE_REPORT.md: robotops/hkm_geometry.py",
    "Broken repository link: ACCEPTANCE_REPORT.md: robotops/demo.py",
    "Broken repository link: ACCEPTANCE_REPORT.md: robotops/robotics/selector.py",
    "Broken repository link: ACCEPTANCE_REPORT.md: tests/e2e/test_hkm_scenarios.py",
    "Broken repository link: ACCEPTANCE_REPORT.md: tests/blender/test_hkm_runtime.py",
    "Broken repository link: ACCEPTANCE_REPORT.md: robotops/robotics/selector.py",
    "Broken repository link: ACCEPTANCE_REPORT.md: robotops/brain/validation.py",
    "Broken repository link: ACCEPTANCE_REPORT.md: robotops/workflow/engine.py",
    "Broken repository link: ACCEPTANCE_REPORT.md: apps/erp_ui/app.js",
    "Broken repository link: ACCEPTANCE_REPORT.md: robotops/robotics/trajectory.py",
    "Broken repository link: ACCEPTANCE_REPORT.md: robotops/cell/hkm_execution.py",
    "Broken repository link: ACCEPTANCE_REPORT.md: blender/scripts/hkm_runtime.py",
    "Broken repository link: ACCEPTANCE_REPORT.md: robotops/robotics/trajectory.py",
    "Broken repository link: ACCEPTANCE_REPORT.md: robotops/hkm_geometry.py",
    "Broken repository link: ACCEPTANCE_REPORT.md: blender/scripts/hkm_runtime.py",
    "Broken repository link: ACCEPTANCE_REPORT.md: tests/unit/test_hkm_runtime_defenses.py",
    "Broken repository link: ACCEPTANCE_REPORT.md: robotops/hkm_geometry.py",
    "Broken repository link: ACCEPTANCE_REPORT.md: blender/scripts/hkm_runtime.py",
    "Broken repository link: ACCEPTANCE_REPORT.md: tests/blender/test_hkm_runtime.py",
    "Broken repository link: ACCEPTANCE_REPORT.md: robotops/blender/visualization.py",
    "Broken repository link: ACCEPTANCE_REPORT.md: apps/erp_ui/scene-view.js",
    "Broken repository link: ACCEPTANCE_REPORT.md: apps/erp_ui/playback.js",
    "Broken repository link: ACCEPTANCE_REPORT.md: tests/ui/playback.test.cjs",
    "Broken repository link: ACCEPTANCE_REPORT.md: robotops/domain/models.py",
    "Broken repository link: ACCEPTANCE_REPORT.md: robotops/blender/adapter.py",
    "Broken repository link: ACCEPTANCE_REPORT.md: blender/scripts/runtime.py",
    "Broken repository link: ACCEPTANCE_REPORT.md: blender/scripts/hkm_runtime.py",
    "Broken repository link: ACCEPTANCE_REPORT.md: robotops/verification/verifier.py",
    "Broken repository link: ACCEPTANCE_REPORT.md: tests/contract/test_hkm_boundaries.py",
    "Broken repository link: ACCEPTANCE_REPORT.md: robotops/observation/model.py",
    "Broken repository link: ACCEPTANCE_REPORT.md: robotops/domain/models.py",
    "Broken repository link: ACCEPTANCE_REPORT.md: tests/contract/test_hkm_boundaries.py",
    "Broken repository link: ACCEPTANCE_REPORT.md: robotops/cell/runtime.py",
    "Broken repository link: ACCEPTANCE_REPORT.md: robotops/blender/adapter.py",
    "Broken repository link: ACCEPTANCE_REPORT.md: robotops/workflow/engine.py",
    "Broken repository link: ACCEPTANCE_REPORT.md: tests/blender/test_hkm_runtime.py",
    "Broken repository link: ACCEPTANCE_REPORT.md: robotops/workflow/engine.py",
    "Broken repository link: ACCEPTANCE_REPORT.md: tests/e2e/test_hkm_scenarios.py",
    "Broken repository link: ACCEPTANCE_REPORT.md: tests/blender/test_hkm_runtime.py",
    "Broken repository link: ACCEPTANCE_REPORT.md: robotops/verification/verifier.py",
    "Broken repository link: ACCEPTANCE_REPORT.md: robotops/workflow/engine.py",
    "Broken repository link: ACCEPTANCE_REPORT.md: tests/e2e/test_hkm_scenarios.py",
    "Broken repository link: ACCEPTANCE_REPORT.md: robotops/workflow/store.py",
    "Broken repository link: ACCEPTANCE_REPORT.md: apps/api/app.py",
    "Broken repository link: ACCEPTANCE_REPORT.md: tests/e2e/test_hkm_scenarios.py",
    "Broken repository link: ACCEPTANCE_REPORT.md: robotops/cell/runtime.py",
    "Broken repository link: ACCEPTANCE_REPORT.md: robotops/workflow/engine.py",
    "Broken repository link: ACCEPTANCE_REPORT.md: tests/fixtures/legacy_v1/manifest.json",
    "Broken repository link: ACCEPTANCE_REPORT.md: tests/blender/test_hkm_runtime.py",
    "Broken repository link: ACCEPTANCE_REPORT.md: apps/erp_ui/app.js",
    "Broken repository link: ACCEPTANCE_REPORT.md: apps/erp_ui/index.html",
    "Broken repository link: ACCEPTANCE_REPORT.md: tests/ui/dashboard.test.cjs",
    "Broken repository link: ACCEPTANCE_REPORT.md: robotops/observability/metrics.py",
    "Broken repository link: ACCEPTANCE_REPORT.md: tests/e2e/test_hkm_scenarios.py",
    "Broken repository link: ACCEPTANCE_REPORT.md: apps/erp_ui/app.js",
    "Broken repository link: ACCEPTANCE_REPORT.md: apps/erp_ui/workflow-guide.js",
    "Broken repository link: ACCEPTANCE_REPORT.md: tests/ui/dashboard.test.cjs",
    "Broken repository link: ACCEPTANCE_REPORT.md: tests/ui/workflow-guide.test.cjs",
    "Broken repository link: ACCEPTANCE_REPORT.md: robotops/workflow/engine.py",
    "Broken repository link: ACCEPTANCE_REPORT.md: apps/erp_ui/playback.js",
    "Broken repository link: ACCEPTANCE_REPORT.md: apps/erp_ui/scene-view.js",
    "Broken repository link: ACCEPTANCE_REPORT.md: tests/ui/playback.test.cjs",
    "Broken repository link: ACCEPTANCE_REPORT.md: tests/blender/test_hkm_runtime.py",
    "Broken repository link: ACCEPTANCE_REPORT.md: robotops/robotics/catalogue-v1.json",
    "Broken repository link: ACCEPTANCE_REPORT.md: robotops/hkm_geometry.py",
    "Broken repository link: ACCEPTANCE_REPORT.md: blender/scripts/hkm_scene.py",
    "Broken repository link: ACCEPTANCE_REPORT.md: apps/erp_ui/scene-view.js",
    "Broken repository link: ACCEPTANCE_REPORT.md: tests/ui/playback.test.cjs",
    "Broken repository link: ACCEPTANCE_REPORT.md: docs/implementation/hkm-inspired.md",
    "Broken repository link: ACCEPTANCE_REPORT.md: docs/generated/product-tool-catalogue.md",
    "Broken repository link: ACCEPTANCE_REPORT.md: docs/adr/0010-hkm-inspired-versioned-cell.md",
    "Broken repository link: ACCEPTANCE_REPORT.md: publication/references.json",
    "Broken repository link: ACCEPTANCE_REPORT.md: apps/erp_ui/index.html",
    "Broken repository link: ACCEPTANCE_REPORT.md: tests/fixtures/legacy_v1/manifest.json",
    "Broken repository link: ACCEPTANCE_REPORT.md: tests/contract/test_legacy_revision.py",
    "Broken repository link: ACCEPTANCE_REPORT.md: SUCCESS_CRITERIA.md",
    "Broken repository link: ACCEPTANCE_REPORT.md: docs/acceptance-map.json",
    "Broken repository link: ACCEPTANCE_REPORT.md: PROJECT_PLAN.md",
    "Broken repository link: ACCEPTANCE_REPORT.md: HANDOFF.md",
    "Broken repository link: ACCEPTANCE_REPORT.md: SUCCESS_CRITERIA.md",
    "Broken repository link: ACCEPTANCE_REPORT.md: docs/implementation/hkm-inspired.md",
    "Broken repository link: ACCEPTANCE_REPORT.md: docs/generated/product-tool-catalogue.md",
    "Broken repository link: ACCEPTANCE_REPORT.md: docs/adr/0010-hkm-inspired-versioned-cell.md",
    "Broken repository link: ACCEPTANCE_REPORT.md: publication/diagrams.json",
    "Broken repository link: ACCEPTANCE_REPORT.md: PUBLICATION.md",
    "Broken repository link: ACCEPTANCE_REPORT.md: tools/build_publication.py",
    "Broken repository link: ACCEPTANCE_REPORT.md: publication/status.json",
    "Broken repository link: ACCEPTANCE_REPORT.md: publication/references.json",
    "Broken repository link: ACCEPTANCE_REPORT.md: docs/implementation/acceptance.md",
    "Broken repository link: ACCEPTANCE_REPORT.md: GOAL.md",
    "Broken repository link: ACCEPTANCE_REPORT.md: robotops/integration/engine.py",
    "Broken repository link: ACCEPTANCE_REPORT.md: robotops/integration/store.py",
    "Broken repository link: ACCEPTANCE_REPORT.md: tests/integration/test_guided.py",
    "Broken repository link: ACCEPTANCE_REPORT.md: GOAL.md",
    "Broken repository link: ACCEPTANCE_REPORT.md: robotops/integration/engine.py",
    "Broken repository link: ACCEPTANCE_REPORT.md: robotops/integration/store.py",
    "Broken repository link: ACCEPTANCE_REPORT.md: tests/integration/test_guided.py",
    "Broken repository link: ACCEPTANCE_REPORT.md: GOAL.md",
    "Broken repository link: ACCEPTANCE_REPORT.md: robotops/integration/engine.py",
    "Broken repository link: ACCEPTANCE_REPORT.md: robotops/integration/store.py",
    "Broken repository link: ACCEPTANCE_REPORT.md: tests/integration/test_guided.py",
    "Broken repository link: ACCEPTANCE_REPORT.md: GOAL.md",
    "Broken repository link: ACCEPTANCE_REPORT.md: robotops/integration/engine.py",
    "Broken repository link: ACCEPTANCE_REPORT.md: robotops/integration/store.py",
    "Broken repository link: ACCEPTANCE_REPORT.md: tests/integration/test_guided.py",
    "Broken repository link: ACCEPTANCE_REPORT.md: tests/integration/test_guided_recovery.py",
    "Broken repository link: ACCEPTANCE_REPORT.md: GOAL.md",
    "Broken repository link: ACCEPTANCE_REPORT.md: robotops/integration/engine.py",
    "Broken repository link: ACCEPTANCE_REPORT.md: robotops/integration/store.py",
    "Broken repository link: ACCEPTANCE_REPORT.md: tests/integration/test_guided.py",
    "Broken repository link: ACCEPTANCE_REPORT.md: GOAL.md",
    "Broken repository link: ACCEPTANCE_REPORT.md: robotops/integration/engine.py",
    "Broken repository link: ACCEPTANCE_REPORT.md: robotops/integration/store.py",
    "Broken repository link: ACCEPTANCE_REPORT.md: tests/integration/test_guided.py",
    "Broken repository link: ACCEPTANCE_REPORT.md: robotops/workflow/engine.py",
    "Broken repository link: ACCEPTANCE_REPORT.md: tools/integration_demo.py",
    "Broken repository link: ACCEPTANCE_REPORT.md: tests/integration/test_demo_driver.py",
    "Broken repository link: ACCEPTANCE_REPORT.md: GOAL.md",
    "Broken repository link: ACCEPTANCE_REPORT.md: robotops/integration/engine.py",
    "Broken repository link: ACCEPTANCE_REPORT.md: robotops/integration/store.py",
    "Broken repository link: ACCEPTANCE_REPORT.md: tests/integration/test_guided.py",
    "Broken repository link: ACCEPTANCE_REPORT.md: GOAL.md",
    "Broken repository link: ACCEPTANCE_REPORT.md: robotops/integration/engine.py",
    "Broken repository link: ACCEPTANCE_REPORT.md: robotops/integration/store.py",
    "Broken repository link: ACCEPTANCE_REPORT.md: tests/integration/test_guided.py",
    "Broken repository link: ACCEPTANCE_REPORT.md: robotops/lab/transport.py",
    "Broken repository link: ACCEPTANCE_REPORT.md: robotops/lab/postgres.py",
    "Broken repository link: ACCEPTANCE_REPORT.md: robotops/lab/opcua.py",
    "Broken repository link: ACCEPTANCE_REPORT.md: robotops/lab/journal.py",
    "Broken repository link: ACCEPTANCE_REPORT.md: tests/lab/test_distributed.py",
    "Broken repository link: ACCEPTANCE_REPORT.md: tests/lab/test_guided_lab.py",
    "Broken repository link: ACCEPTANCE_REPORT.md: GOAL.md",
    "Broken repository link: ACCEPTANCE_REPORT.md: robotops/integration/engine.py",
    "Broken repository link: ACCEPTANCE_REPORT.md: robotops/integration/store.py",
    "Broken repository link: ACCEPTANCE_REPORT.md: tests/integration/test_guided.py",
    "Broken repository link: ACCEPTANCE_REPORT.md: robotops/lab/transport.py",
    "Broken repository link: ACCEPTANCE_REPORT.md: robotops/lab/postgres.py",
    "Broken repository link: ACCEPTANCE_REPORT.md: robotops/lab/opcua.py",
    "Broken repository link: ACCEPTANCE_REPORT.md: robotops/lab/journal.py",
    "Broken repository link: ACCEPTANCE_REPORT.md: tests/lab/test_distributed.py",
    "Broken repository link: ACCEPTANCE_REPORT.md: tests/lab/test_guided_lab.py",
    "Broken repository link: ACCEPTANCE_REPORT.md: GOAL.md",
    "Broken repository link: ACCEPTANCE_REPORT.md: robotops/integration/engine.py",
    "Broken repository link: ACCEPTANCE_REPORT.md: robotops/integration/store.py",
    "Broken repository link: ACCEPTANCE_REPORT.md: tests/integration/test_guided.py",
    "Broken repository link: ACCEPTANCE_REPORT.md: robotops/lab/transport.py",
    "Broken repository link: ACCEPTANCE_REPORT.md: robotops/lab/postgres.py",
    "Broken repository link: ACCEPTANCE_REPORT.md: robotops/lab/opcua.py",
    "Broken repository link: ACCEPTANCE_REPORT.md: robotops/lab/journal.py",
    "Broken repository link: ACCEPTANCE_REPORT.md: tests/lab/test_distributed.py",
    "Broken repository link: ACCEPTANCE_REPORT.md: tests/lab/test_guided_lab.py",
    "Broken repository link: ACCEPTANCE_REPORT.md: robotops/workflow/store.py",
    "Broken repository link: ACCEPTANCE_REPORT.md: GOAL.md",
    "Broken repository link: ACCEPTANCE_REPORT.md: robotops/integration/engine.py",
    "Broken repository link: ACCEPTANCE_REPORT.md: robotops/integration/store.py",
    "Broken repository link: ACCEPTANCE_REPORT.md: tests/integration/test_guided.py",
    "Broken repository link: ACCEPTANCE_REPORT.md: robotops/lab/transport.py",
    "Broken repository link: ACCEPTANCE_REPORT.md: robotops/lab/postgres.py",
    "Broken repository link: ACCEPTANCE_REPORT.md: robotops/lab/opcua.py",
    "Broken repository link: ACCEPTANCE_REPORT.md: robotops/lab/journal.py",
    "Broken repository link: ACCEPTANCE_REPORT.md: tests/lab/test_distributed.py",
    "Broken repository link: ACCEPTANCE_REPORT.md: tests/lab/test_guided_lab.py",
    "Broken repository link: ACCEPTANCE_REPORT.md: GOAL.md",
    "Broken repository link: ACCEPTANCE_REPORT.md: robotops/integration/engine.py",
    "Broken repository link: ACCEPTANCE_REPORT.md: robotops/integration/store.py",
    "Broken repository link: ACCEPTANCE_REPORT.md: tests/integration/test_guided.py",
    "Broken repository link: ACCEPTANCE_REPORT.md: robotops/lab/transport.py",
    "Broken repository link: ACCEPTANCE_REPORT.md: robotops/lab/postgres.py",
    "Broken repository link: ACCEPTANCE_REPORT.md: robotops/lab/opcua.py",
    "Broken repository link: ACCEPTANCE_REPORT.md: robotops/lab/journal.py",
    "Broken repository link: ACCEPTANCE_REPORT.md: tests/lab/test_distributed.py",
    "Broken repository link: ACCEPTANCE_REPORT.md: tests/lab/test_guided_lab.py",
    "Broken repository link: ACCEPTANCE_REPORT.md: GOAL.md",
    "Broken repository link: ACCEPTANCE_REPORT.md: robotops/integration/engine.py",
    "Broken repository link: ACCEPTANCE_REPORT.md: robotops/integration/store.py",
    "Broken repository link: ACCEPTANCE_REPORT.md: tests/integration/test_guided.py",
    "Broken repository link: ACCEPTANCE_REPORT.md: robotops/lab/transport.py",
    "Broken repository link: ACCEPTANCE_REPORT.md: robotops/lab/postgres.py",
    "Broken repository link: ACCEPTANCE_REPORT.md: robotops/lab/opcua.py",
    "Broken repository link: ACCEPTANCE_REPORT.md: robotops/lab/journal.py",
    "Broken repository link: ACCEPTANCE_REPORT.md: tests/lab/test_distributed.py",
    "Broken repository link: ACCEPTANCE_REPORT.md: tests/lab/test_guided_lab.py",
    "Broken repository link: ACCEPTANCE_REPORT.md: GOAL.md",
    "Broken repository link: ACCEPTANCE_REPORT.md: robotops/integration/engine.py",
    "Broken repository link: ACCEPTANCE_REPORT.md: robotops/integration/store.py",
    "Broken repository link: ACCEPTANCE_REPORT.md: tests/integration/test_guided.py",
    "Broken repository link: ACCEPTANCE_REPORT.md: robotops/lab/transport.py",
    "Broken repository link: ACCEPTANCE_REPORT.md: robotops/lab/postgres.py",
    "Broken repository link: ACCEPTANCE_REPORT.md: robotops/lab/opcua.py",
    "Broken repository link: ACCEPTANCE_REPORT.md: robotops/lab/journal.py",
    "Broken repository link: ACCEPTANCE_REPORT.md: tests/lab/test_distributed.py",
    "Broken repository link: ACCEPTANCE_REPORT.md: tests/lab/test_guided_lab.py",
    "Broken repository link: ACCEPTANCE_REPORT.md: tests/lab/test_browser_lab.py",
    "Broken repository link: ACCEPTANCE_REPORT.md: robotops/lab/edge.py",
    "Broken repository link: ACCEPTANCE_REPORT.md: robotops/lab/edge_rpc.py",
    "Broken repository link: ACCEPTANCE_REPORT.md: tools/lab_stack.py",
    "Broken repository link: ACCEPTANCE_REPORT.md: tests/lab/test_plc.py",
    "Broken repository link: ACCEPTANCE_REPORT.md: tests/lab/test_opc_health_probe.py",
    "Broken repository link: ACCEPTANCE_REPORT.md: GOAL.md",
    "Broken repository link: ACCEPTANCE_REPORT.md: robotops/integration/engine.py",
    "Broken repository link: ACCEPTANCE_REPORT.md: robotops/integration/store.py",
    "Broken repository link: ACCEPTANCE_REPORT.md: tests/integration/test_guided.py",
    "Broken repository link: ACCEPTANCE_REPORT.md: robotops/lab/transport.py",
    "Broken repository link: ACCEPTANCE_REPORT.md: robotops/lab/postgres.py",
    "Broken repository link: ACCEPTANCE_REPORT.md: robotops/lab/opcua.py",
    "Broken repository link: ACCEPTANCE_REPORT.md: robotops/lab/journal.py",
    "Broken repository link: ACCEPTANCE_REPORT.md: tests/lab/test_distributed.py",
    "Broken repository link: ACCEPTANCE_REPORT.md: tests/lab/test_guided_lab.py",
    "Broken repository link: ACCEPTANCE_REPORT.md: tests/lab/test_plc.py",
    "Broken repository link: ACCEPTANCE_REPORT.md: GOAL.md",
    "Broken repository link: ACCEPTANCE_REPORT.md: robotops/integration/engine.py",
    "Broken repository link: ACCEPTANCE_REPORT.md: robotops/integration/store.py",
    "Broken repository link: ACCEPTANCE_REPORT.md: tests/integration/test_guided.py",
    "Broken repository link: ACCEPTANCE_REPORT.md: robotops/lab/transport.py",
    "Broken repository link: ACCEPTANCE_REPORT.md: robotops/lab/postgres.py",
    "Broken repository link: ACCEPTANCE_REPORT.md: robotops/lab/opcua.py",
    "Broken repository link: ACCEPTANCE_REPORT.md: robotops/lab/journal.py",
    "Broken repository link: ACCEPTANCE_REPORT.md: tests/lab/test_distributed.py",
    "Broken repository link: ACCEPTANCE_REPORT.md: tests/lab/test_guided_lab.py",
    "Broken repository link: ACCEPTANCE_REPORT.md: GOAL.md",
    "Broken repository link: ACCEPTANCE_REPORT.md: robotops/integration/engine.py",
    "Broken repository link: ACCEPTANCE_REPORT.md: robotops/integration/store.py",
    "Broken repository link: ACCEPTANCE_REPORT.md: tests/integration/test_guided.py",
    "Broken repository link: ACCEPTANCE_REPORT.md: robotops/lab/transport.py",
    "Broken repository link: ACCEPTANCE_REPORT.md: robotops/lab/postgres.py",
    "Broken repository link: ACCEPTANCE_REPORT.md: robotops/lab/opcua.py",
    "Broken repository link: ACCEPTANCE_REPORT.md: robotops/lab/journal.py",
    "Broken repository link: ACCEPTANCE_REPORT.md: tests/lab/test_distributed.py",
    "Broken repository link: ACCEPTANCE_REPORT.md: tests/lab/test_guided_lab.py",
    "Broken repository link: ACCEPTANCE_REPORT.md: GOAL.md",
    "Broken repository link: ACCEPTANCE_REPORT.md: robotops/integration/engine.py",
    "Broken repository link: ACCEPTANCE_REPORT.md: robotops/integration/store.py",
    "Broken repository link: ACCEPTANCE_REPORT.md: tests/integration/test_guided.py",
    "Broken repository link: ACCEPTANCE_REPORT.md: apps/erp_ui/integration-console.js",
    "Broken repository link: ACCEPTANCE_REPORT.md: apps/erp_ui/app.js",
    "Broken repository link: ACCEPTANCE_REPORT.md: tests/browser/test_guided_console.py",
    "Broken repository link: ACCEPTANCE_REPORT.md: GOAL.md",
    "Broken repository link: ACCEPTANCE_REPORT.md: robotops/integration/engine.py",
    "Broken repository link: ACCEPTANCE_REPORT.md: robotops/integration/store.py",
    "Broken repository link: ACCEPTANCE_REPORT.md: tests/integration/test_guided.py",
    "Broken repository link: ACCEPTANCE_REPORT.md: apps/erp_ui/integration-console.js",
    "Broken repository link: ACCEPTANCE_REPORT.md: apps/erp_ui/app.js",
    "Broken repository link: ACCEPTANCE_REPORT.md: tests/browser/test_guided_console.py",
    "Broken repository link: ACCEPTANCE_REPORT.md: GOAL.md",
    "Broken repository link: ACCEPTANCE_REPORT.md: robotops/integration/engine.py",
    "Broken repository link: ACCEPTANCE_REPORT.md: robotops/integration/store.py",
    "Broken repository link: ACCEPTANCE_REPORT.md: tests/integration/test_guided.py",
    "Broken repository link: ACCEPTANCE_REPORT.md: apps/erp_ui/integration-console.js",
    "Broken repository link: ACCEPTANCE_REPORT.md: apps/erp_ui/app.js",
    "Broken repository link: ACCEPTANCE_REPORT.md: tests/browser/test_guided_console.py",
    "Broken repository link: ACCEPTANCE_REPORT.md: tests/integration/test_guided_business.py",
    "Broken repository link: ACCEPTANCE_REPORT.md: tests/lab/test_source_map.py",
    "Broken repository link: ACCEPTANCE_REPORT.md: robotops/lab/edge_rpc.py",
    "Broken repository link: ACCEPTANCE_REPORT.md: GOAL.md",
    "Broken repository link: ACCEPTANCE_REPORT.md: robotops/integration/engine.py",
    "Broken repository link: ACCEPTANCE_REPORT.md: robotops/integration/store.py",
    "Broken repository link: ACCEPTANCE_REPORT.md: tests/integration/test_guided.py",
    "Broken repository link: ACCEPTANCE_REPORT.md: apps/erp_ui/integration-console.js",
    "Broken repository link: ACCEPTANCE_REPORT.md: apps/erp_ui/app.js",
    "Broken repository link: ACCEPTANCE_REPORT.md: tests/browser/test_guided_console.py",
    "Broken repository link: ACCEPTANCE_REPORT.md: GOAL.md",
    "Broken repository link: ACCEPTANCE_REPORT.md: robotops/integration/engine.py",
    "Broken repository link: ACCEPTANCE_REPORT.md: robotops/integration/store.py",
    "Broken repository link: ACCEPTANCE_REPORT.md: tests/integration/test_guided.py",
    "Broken repository link: ACCEPTANCE_REPORT.md: apps/erp_ui/integration-console.js",
    "Broken repository link: ACCEPTANCE_REPORT.md: apps/erp_ui/app.js",
    "Broken repository link: ACCEPTANCE_REPORT.md: tests/browser/test_guided_console.py",
    "Broken repository link: ACCEPTANCE_REPORT.md: GOAL.md",
    "Broken repository link: ACCEPTANCE_REPORT.md: robotops/integration/engine.py",
    "Broken repository link: ACCEPTANCE_REPORT.md: robotops/integration/store.py",
    "Broken repository link: ACCEPTANCE_REPORT.md: tests/integration/test_guided.py",
    "Broken repository link: ACCEPTANCE_REPORT.md: apps/erp_ui/integration-console.js",
    "Broken repository link: ACCEPTANCE_REPORT.md: apps/erp_ui/app.js",
    "Broken repository link: ACCEPTANCE_REPORT.md: tests/browser/test_guided_console.py",
    "Broken repository link: ACCEPTANCE_REPORT.md: GOAL.md",
    "Broken repository link: ACCEPTANCE_REPORT.md: robotops/integration/engine.py",
    "Broken repository link: ACCEPTANCE_REPORT.md: robotops/integration/store.py",
    "Broken repository link: ACCEPTANCE_REPORT.md: tests/integration/test_guided.py",
    "Broken repository link: ACCEPTANCE_REPORT.md: apps/erp_ui/integration-console.js",
    "Broken repository link: ACCEPTANCE_REPORT.md: apps/erp_ui/app.js",
    "Broken repository link: ACCEPTANCE_REPORT.md: tests/browser/test_guided_console.py",
    "Broken repository link: ACCEPTANCE_REPORT.md: GOAL.md",
    "Broken repository link: ACCEPTANCE_REPORT.md: robotops/integration/engine.py",
    "Broken repository link: ACCEPTANCE_REPORT.md: robotops/integration/store.py",
    "Broken repository link: ACCEPTANCE_REPORT.md: tests/integration/test_guided.py",
    "Broken repository link: ACCEPTANCE_REPORT.md: apps/erp_ui/integration-console.js",
    "Broken repository link: ACCEPTANCE_REPORT.md: apps/erp_ui/app.js",
    "Broken repository link: ACCEPTANCE_REPORT.md: tests/browser/test_guided_console.py",
    "Broken repository link: ACCEPTANCE_REPORT.md: GOAL.md",
    "Broken repository link: ACCEPTANCE_REPORT.md: robotops/integration/engine.py",
    "Broken repository link: ACCEPTANCE_REPORT.md: robotops/integration/store.py",
    "Broken repository link: ACCEPTANCE_REPORT.md: tests/integration/test_guided.py",
    "Broken repository link: ACCEPTANCE_REPORT.md: apps/erp_ui/integration-console.js",
    "Broken repository link: ACCEPTANCE_REPORT.md: apps/erp_ui/app.js",
    "Broken repository link: ACCEPTANCE_REPORT.md: tests/browser/test_guided_console.py",
    "Broken repository link: ACCEPTANCE_REPORT.md: apps/api/guided.py",
    "Broken repository link: ACCEPTANCE_REPORT.md: robotops/workflow/store.py",
    "Broken repository link: ACCEPTANCE_REPORT.md: tests/integration/test_guided_readonly.py",
    "Broken repository link: ACCEPTANCE_REPORT.md: GOAL.md",
    "Broken repository link: ACCEPTANCE_REPORT.md: robotops/integration/engine.py",
    "Broken repository link: ACCEPTANCE_REPORT.md: robotops/integration/store.py",
    "Broken repository link: ACCEPTANCE_REPORT.md: tests/integration/test_guided.py",
    "Broken repository link: ACCEPTANCE_REPORT.md: robotops/lab/transport.py",
    "Broken repository link: ACCEPTANCE_REPORT.md: robotops/lab/postgres.py",
    "Broken repository link: ACCEPTANCE_REPORT.md: robotops/lab/opcua.py",
    "Broken repository link: ACCEPTANCE_REPORT.md: robotops/lab/journal.py",
    "Broken repository link: ACCEPTANCE_REPORT.md: tests/lab/test_distributed.py",
    "Broken repository link: ACCEPTANCE_REPORT.md: tests/lab/test_guided_lab.py",
    "Broken repository link: ACCEPTANCE_REPORT.md: GOAL.md",
    "Broken repository link: ACCEPTANCE_REPORT.md: robotops/integration/engine.py",
    "Broken repository link: ACCEPTANCE_REPORT.md: robotops/integration/store.py",
    "Broken repository link: ACCEPTANCE_REPORT.md: tests/integration/test_guided.py",
    "Broken repository link: ACCEPTANCE_REPORT.md: robotops/lab/transport.py",
    "Broken repository link: ACCEPTANCE_REPORT.md: robotops/lab/postgres.py",
    "Broken repository link: ACCEPTANCE_REPORT.md: robotops/lab/opcua.py",
    "Broken repository link: ACCEPTANCE_REPORT.md: robotops/lab/journal.py",
    "Broken repository link: ACCEPTANCE_REPORT.md: tests/lab/test_distributed.py",
    "Broken repository link: ACCEPTANCE_REPORT.md: tests/lab/test_guided_lab.py",
    "Broken repository link: ACCEPTANCE_REPORT.md: GOAL.md",
    "Broken repository link: ACCEPTANCE_REPORT.md: robotops/integration/engine.py",
    "Broken repository link: ACCEPTANCE_REPORT.md: robotops/integration/store.py",
    "Broken repository link: ACCEPTANCE_REPORT.md: tests/integration/test_guided.py",
    "Broken repository link: ACCEPTANCE_REPORT.md: robotops/lab/transport.py",
    "Broken repository link: ACCEPTANCE_REPORT.md: robotops/lab/postgres.py",
    "Broken repository link: ACCEPTANCE_REPORT.md: robotops/lab/opcua.py",
    "Broken repository link: ACCEPTANCE_REPORT.md: robotops/lab/journal.py",
    "Broken repository link: ACCEPTANCE_REPORT.md: tests/lab/test_distributed.py",
    "Broken repository link: ACCEPTANCE_REPORT.md: tests/lab/test_guided_lab.py",
    "Broken repository link: ACCEPTANCE_REPORT.md: GOAL.md",
    "Broken repository link: ACCEPTANCE_REPORT.md: robotops/integration/engine.py",
    "Broken repository link: ACCEPTANCE_REPORT.md: robotops/integration/store.py",
    "Broken repository link: ACCEPTANCE_REPORT.md: tests/integration/test_guided.py",
    "Broken repository link: ACCEPTANCE_REPORT.md: robotops/lab/transport.py",
    "Broken repository link: ACCEPTANCE_REPORT.md: robotops/lab/postgres.py",
    "Broken repository link: ACCEPTANCE_REPORT.md: robotops/lab/opcua.py",
    "Broken repository link: ACCEPTANCE_REPORT.md: robotops/lab/journal.py",
    "Broken repository link: ACCEPTANCE_REPORT.md: tests/lab/test_distributed.py",
    "Broken repository link: ACCEPTANCE_REPORT.md: tests/lab/test_guided_lab.py",
    "Broken repository link: ACCEPTANCE_REPORT.md: tests/lab/test_guided_boot_recovery.py",
    "Broken repository link: ACCEPTANCE_REPORT.md: tests/lab/test_plc.py",
    "Broken repository link: ACCEPTANCE_REPORT.md: tests/lab/test_plc_process_restart.py",
    "Broken repository link: ACCEPTANCE_REPORT.md: tests/lab/test_opc_health_probe.py",
    "Broken repository link: ACCEPTANCE_REPORT.md: robotops/lab/edge.py",
    "Broken repository link: ACCEPTANCE_REPORT.md: GOAL.md",
    "Broken repository link: ACCEPTANCE_REPORT.md: robotops/integration/engine.py",
    "Broken repository link: ACCEPTANCE_REPORT.md: robotops/integration/store.py",
    "Broken repository link: ACCEPTANCE_REPORT.md: tests/integration/test_guided.py",
    "Broken repository link: ACCEPTANCE_REPORT.md: robotops/lab/transport.py",
    "Broken repository link: ACCEPTANCE_REPORT.md: robotops/lab/postgres.py",
    "Broken repository link: ACCEPTANCE_REPORT.md: robotops/lab/opcua.py",
    "Broken repository link: ACCEPTANCE_REPORT.md: robotops/lab/journal.py",
    "Broken repository link: ACCEPTANCE_REPORT.md: tests/lab/test_distributed.py",
    "Broken repository link: ACCEPTANCE_REPORT.md: tests/lab/test_guided_lab.py",
    "Broken repository link: ACCEPTANCE_REPORT.md: GOAL.md",
    "Broken repository link: ACCEPTANCE_REPORT.md: robotops/integration/engine.py",
    "Broken repository link: ACCEPTANCE_REPORT.md: robotops/integration/store.py",
    "Broken repository link: ACCEPTANCE_REPORT.md: tests/integration/test_guided.py",
    "Broken repository link: ACCEPTANCE_REPORT.md: robotops/lab/transport.py",
    "Broken repository link: ACCEPTANCE_REPORT.md: robotops/lab/postgres.py",
    "Broken repository link: ACCEPTANCE_REPORT.md: robotops/lab/opcua.py",
    "Broken repository link: ACCEPTANCE_REPORT.md: robotops/lab/journal.py",
    "Broken repository link: ACCEPTANCE_REPORT.md: tests/lab/test_distributed.py",
    "Broken repository link: ACCEPTANCE_REPORT.md: tests/lab/test_guided_lab.py",
    "Broken repository link: ACCEPTANCE_REPORT.md: tests/integration/test_guided_business.py",
    "Broken repository link: ACCEPTANCE_REPORT.md: robotops/lab/business.py",
    "Broken repository link: ACCEPTANCE_REPORT.md: GOAL.md",
    "Broken repository link: ACCEPTANCE_REPORT.md: robotops/integration/engine.py",
    "Broken repository link: ACCEPTANCE_REPORT.md: robotops/integration/store.py",
    "Broken repository link: ACCEPTANCE_REPORT.md: tests/integration/test_guided.py",
    "Broken repository link: ACCEPTANCE_REPORT.md: robotops/lab/transport.py",
    "Broken repository link: ACCEPTANCE_REPORT.md: robotops/lab/postgres.py",
    "Broken repository link: ACCEPTANCE_REPORT.md: robotops/lab/opcua.py",
    "Broken repository link: ACCEPTANCE_REPORT.md: robotops/lab/journal.py",
    "Broken repository link: ACCEPTANCE_REPORT.md: tests/lab/test_distributed.py",
    "Broken repository link: ACCEPTANCE_REPORT.md: tests/lab/test_guided_lab.py",
    "Broken repository link: ACCEPTANCE_REPORT.md: GOAL.md",
    "Broken repository link: ACCEPTANCE_REPORT.md: robotops/integration/engine.py",
    "Broken repository link: ACCEPTANCE_REPORT.md: robotops/integration/store.py",
    "Broken repository link: ACCEPTANCE_REPORT.md: tests/integration/test_guided.py",
    "Broken repository link: ACCEPTANCE_REPORT.md: robotops/lab/transport.py",
    "Broken repository link: ACCEPTANCE_REPORT.md: robotops/lab/postgres.py",
    "Broken repository link: ACCEPTANCE_REPORT.md: robotops/lab/opcua.py",
    "Broken repository link: ACCEPTANCE_REPORT.md: robotops/lab/journal.py",
    "Broken repository link: ACCEPTANCE_REPORT.md: tests/lab/test_distributed.py",
    "Broken repository link: ACCEPTANCE_REPORT.md: tests/lab/test_guided_lab.py",
    "Broken repository link: ACCEPTANCE_REPORT.md: GOAL.md",
    "Broken repository link: ACCEPTANCE_REPORT.md: robotops/integration/engine.py",
    "Broken repository link: ACCEPTANCE_REPORT.md: robotops/integration/store.py",
    "Broken repository link: ACCEPTANCE_REPORT.md: tests/integration/test_guided.py",
    "Broken repository link: ACCEPTANCE_REPORT.md: GOAL.md",
    "Broken repository link: ACCEPTANCE_REPORT.md: robotops/integration/engine.py",
    "Broken repository link: ACCEPTANCE_REPORT.md: robotops/integration/store.py",
    "Broken repository link: ACCEPTANCE_REPORT.md: tests/integration/test_guided.py",
    "Broken repository link: ACCEPTANCE_REPORT.md: robotops/lab/transport.py",
    "Broken repository link: ACCEPTANCE_REPORT.md: robotops/lab/postgres.py",
    "Broken repository link: ACCEPTANCE_REPORT.md: robotops/lab/opcua.py",
    "Broken repository link: ACCEPTANCE_REPORT.md: robotops/lab/journal.py",
    "Broken repository link: ACCEPTANCE_REPORT.md: tests/lab/test_distributed.py",
    "Broken repository link: ACCEPTANCE_REPORT.md: tests/lab/test_guided_lab.py",
    "Broken repository link: ACCEPTANCE_REPORT.md: tests/lab/test_browser_lab.py",
    "Broken repository link: ACCEPTANCE_REPORT.md: robotops/lab/edge.py",
    "Broken repository link: ACCEPTANCE_REPORT.md: robotops/lab/edge_rpc.py",
    "Broken repository link: ACCEPTANCE_REPORT.md: tools/lab_stack.py",
    "Broken repository link: ACCEPTANCE_REPORT.md: GOAL.md",
    "Broken repository link: ACCEPTANCE_REPORT.md: robotops/integration/engine.py",
    "Broken repository link: ACCEPTANCE_REPORT.md: robotops/integration/store.py",
    "Broken repository link: ACCEPTANCE_REPORT.md: tests/integration/test_guided.py",
    "Broken repository link: ACCEPTANCE_REPORT.md: apps/erp_ui/integration-console.js",
    "Broken repository link: ACCEPTANCE_REPORT.md: apps/erp_ui/app.js",
    "Broken repository link: ACCEPTANCE_REPORT.md: tests/browser/test_guided_console.py",
    "Broken repository link: ACCEPTANCE_REPORT.md: tests/lab/test_browser_lab.py",
    "Broken repository link: ACCEPTANCE_REPORT.md: robotops/lab/edge.py",
    "Broken repository link: ACCEPTANCE_REPORT.md: robotops/lab/edge_rpc.py",
    "Broken repository link: ACCEPTANCE_REPORT.md: tools/lab_stack.py",
    "Broken repository link: ACCEPTANCE_REPORT.md: GOAL.md",
    "Broken repository link: ACCEPTANCE_REPORT.md: robotops/integration/engine.py",
    "Broken repository link: ACCEPTANCE_REPORT.md: robotops/integration/store.py",
    "Broken repository link: ACCEPTANCE_REPORT.md: tests/integration/test_guided.py",
    "Broken repository link: ACCEPTANCE_REPORT.md: apps/erp_ui/integration-console.js",
    "Broken repository link: ACCEPTANCE_REPORT.md: apps/erp_ui/app.js",
    "Broken repository link: ACCEPTANCE_REPORT.md: tests/browser/test_guided_console.py",
    "Broken repository link: ACCEPTANCE_REPORT.md: tests/lab/test_browser_lab.py",
    "Broken repository link: ACCEPTANCE_REPORT.md: robotops/lab/edge.py",
    "Broken repository link: ACCEPTANCE_REPORT.md: robotops/lab/edge_rpc.py",
    "Broken repository link: ACCEPTANCE_REPORT.md: tools/lab_stack.py",
    "Broken repository link: ACCEPTANCE_REPORT.md: GOAL.md",
    "Broken repository link: ACCEPTANCE_REPORT.md: robotops/integration/engine.py",
    "Broken repository link: ACCEPTANCE_REPORT.md: robotops/integration/store.py",
    "Broken repository link: ACCEPTANCE_REPORT.md: tests/integration/test_guided.py",
    "Broken repository link: ACCEPTANCE_REPORT.md: apps/erp_ui/integration-console.js",
    "Broken repository link: ACCEPTANCE_REPORT.md: apps/erp_ui/app.js",
    "Broken repository link: ACCEPTANCE_REPORT.md: tests/browser/test_guided_console.py",
    "Broken repository link: ACCEPTANCE_REPORT.md: GOAL.md",
    "Broken repository link: ACCEPTANCE_REPORT.md: robotops/integration/engine.py",
    "Broken repository link: ACCEPTANCE_REPORT.md: robotops/integration/store.py",
    "Broken repository link: ACCEPTANCE_REPORT.md: tests/integration/test_guided.py",
    "Broken repository link: ACCEPTANCE_REPORT.md: tests/integration/test_guided_recovery.py",
    "Broken repository link: ACCEPTANCE_REPORT.md: GOAL.md",
    "Broken repository link: ACCEPTANCE_REPORT.md: robotops/integration/engine.py",
    "Broken repository link: ACCEPTANCE_REPORT.md: robotops/integration/store.py",
    "Broken repository link: ACCEPTANCE_REPORT.md: tests/integration/test_guided.py",
    "Broken repository link: ACCEPTANCE_REPORT.md: robotops/lab/transport.py",
    "Broken repository link: ACCEPTANCE_REPORT.md: robotops/lab/postgres.py",
    "Broken repository link: ACCEPTANCE_REPORT.md: robotops/lab/opcua.py",
    "Broken repository link: ACCEPTANCE_REPORT.md: robotops/lab/journal.py",
    "Broken repository link: ACCEPTANCE_REPORT.md: tests/lab/test_distributed.py",
    "Broken repository link: ACCEPTANCE_REPORT.md: tests/lab/test_guided_lab.py",
    "Broken repository link: ACCEPTANCE_REPORT.md: GOAL.md",
    "Broken repository link: ACCEPTANCE_REPORT.md: robotops/integration/engine.py",
    "Broken repository link: ACCEPTANCE_REPORT.md: robotops/integration/store.py",
    "Broken repository link: ACCEPTANCE_REPORT.md: tests/integration/test_guided.py",
    "Broken repository link: ACCEPTANCE_REPORT.md: GOAL.md",
    "Broken repository link: ACCEPTANCE_REPORT.md: robotops/integration/engine.py",
    "Broken repository link: ACCEPTANCE_REPORT.md: robotops/integration/store.py",
    "Broken repository link: ACCEPTANCE_REPORT.md: tests/integration/test_guided.py",
    "Broken repository link: ACCEPTANCE_REPORT.md: GOAL.md",
    "Broken repository link: ACCEPTANCE_REPORT.md: robotops/integration/engine.py",
    "Broken repository link: ACCEPTANCE_REPORT.md: robotops/integration/store.py",
    "Broken repository link: ACCEPTANCE_REPORT.md: tests/integration/test_guided.py",
    "Broken repository link: ACCEPTANCE_REPORT.md: robotops/lab/transport.py",
    "Broken repository link: ACCEPTANCE_REPORT.md: robotops/lab/postgres.py",
    "Broken repository link: ACCEPTANCE_REPORT.md: robotops/lab/opcua.py",
    "Broken repository link: ACCEPTANCE_REPORT.md: robotops/lab/journal.py",
    "Broken repository link: ACCEPTANCE_REPORT.md: tests/lab/test_distributed.py",
    "Broken repository link: ACCEPTANCE_REPORT.md: tests/lab/test_guided_lab.py",
    "Broken repository link: ACCEPTANCE_REPORT.md: .github/workflows/ci.yml",
    "Broken repository link: ACCEPTANCE_REPORT.md: GOAL.md",
    "Broken repository link: ACCEPTANCE_REPORT.md: robotops/integration/engine.py",
    "Broken repository link: ACCEPTANCE_REPORT.md: robotops/integration/store.py",
    "Broken repository link: ACCEPTANCE_REPORT.md: tests/integration/test_guided.py",
    "Broken repository link: ACCEPTANCE_REPORT.md: robotops/lab/transport.py",
    "Broken repository link: ACCEPTANCE_REPORT.md: robotops/lab/postgres.py",
    "Broken repository link: ACCEPTANCE_REPORT.md: robotops/lab/opcua.py",
    "Broken repository link: ACCEPTANCE_REPORT.md: robotops/lab/journal.py",
    "Broken repository link: ACCEPTANCE_REPORT.md: tests/lab/test_distributed.py",
    "Broken repository link: ACCEPTANCE_REPORT.md: tests/lab/test_guided_lab.py",
    "Broken repository link: ACCEPTANCE_REPORT.md: tests/lab/test_browser_lab.py",
    "Broken repository link: ACCEPTANCE_REPORT.md: robotops/lab/edge.py",
    "Broken repository link: ACCEPTANCE_REPORT.md: robotops/lab/edge_rpc.py",
    "Broken repository link: ACCEPTANCE_REPORT.md: tools/lab_stack.py",
    "Broken repository link: ACCEPTANCE_REPORT.md: compose.yaml",
    "Broken repository link: ACCEPTANCE_REPORT.md: docs/integration-lab.md",
    "Broken repository link: ACCEPTANCE_REPORT.md: docs/integration-lab-native.md",
    "Broken repository link: ACCEPTANCE_REPORT.md: tools/lab-services.ps1",
    "Broken repository link: ACCEPTANCE_REPORT.md: robotops/lab/__main__.py",
    "Broken repository link: ACCEPTANCE_REPORT.md: GOAL.md",
    "Broken repository link: ACCEPTANCE_REPORT.md: robotops/integration/engine.py",
    "Broken repository link: ACCEPTANCE_REPORT.md: robotops/integration/store.py",
    "Broken repository link: ACCEPTANCE_REPORT.md: tests/integration/test_guided.py",
    "Broken repository link: ACCEPTANCE_REPORT.md: README.md",
    "Broken repository link: ACCEPTANCE_REPORT.md: docs/integration-lab.md",
    "Broken repository link: ACCEPTANCE_REPORT.md: tools/integration_demo.py",
    "Broken repository link: ACCEPTANCE_REPORT.md: tests/integration/test_demo_driver.py",
    "Broken repository link: ACCEPTANCE_REPORT.md: docs/integration-lab-native.md",
    "Broken repository link: ACCEPTANCE_REPORT.md: GOAL.md",
    "Broken repository link: ACCEPTANCE_REPORT.md: robotops/integration/engine.py",
    "Broken repository link: ACCEPTANCE_REPORT.md: robotops/integration/store.py",
    "Broken repository link: ACCEPTANCE_REPORT.md: tests/integration/test_guided.py",
    "Broken repository link: ACCEPTANCE_REPORT.md: README.md",
    "Broken repository link: ACCEPTANCE_REPORT.md: docs/integration-lab.md",
    "Broken repository link: ACCEPTANCE_REPORT.md: tools/integration_demo.py",
    "Broken repository link: ACCEPTANCE_REPORT.md: tests/integration/test_demo_driver.py",
    "Broken repository link: ACCEPTANCE_REPORT.md: docs/integration-lab-native.md",
    "Broken repository link: ACCEPTANCE_REPORT.md: GOAL.md",
    "Broken repository link: ACCEPTANCE_REPORT.md: robotops/integration/engine.py",
    "Broken repository link: ACCEPTANCE_REPORT.md: robotops/integration/store.py",
    "Broken repository link: ACCEPTANCE_REPORT.md: tests/integration/test_guided.py",
    "Broken repository link: ACCEPTANCE_REPORT.md: README.md",
    "Broken repository link: ACCEPTANCE_REPORT.md: docs/integration-lab.md",
    "Broken repository link: ACCEPTANCE_REPORT.md: tools/integration_demo.py",
    "Broken repository link: ACCEPTANCE_REPORT.md: tests/integration/test_demo_driver.py",
    "Broken repository link: ACCEPTANCE_REPORT.md: docs/integration-lab-native.md",
    "Broken repository link: ACCEPTANCE_REPORT.md: GOAL.md",
    "Broken repository link: ACCEPTANCE_REPORT.md: robotops/integration/engine.py",
    "Broken repository link: ACCEPTANCE_REPORT.md: robotops/integration/store.py",
    "Broken repository link: ACCEPTANCE_REPORT.md: tests/integration/test_guided.py",
    "Broken repository link: ACCEPTANCE_REPORT.md: README.md",
    "Broken repository link: ACCEPTANCE_REPORT.md: docs/integration-lab.md",
    "Broken repository link: ACCEPTANCE_REPORT.md: tools/integration_demo.py",
    "Broken repository link: ACCEPTANCE_REPORT.md: tests/integration/test_demo_driver.py",
    "Broken repository link: ACCEPTANCE_REPORT.md: docs/integration-lab-native.md",
    "Broken repository link: ACCEPTANCE_REPORT.md: GOAL.md",
    "Broken repository link: ACCEPTANCE_REPORT.md: robotops/integration/engine.py",
    "Broken repository link: ACCEPTANCE_REPORT.md: robotops/integration/store.py",
    "Broken repository link: ACCEPTANCE_REPORT.md: tests/integration/test_guided.py",
    "Broken repository link: ACCEPTANCE_REPORT.md: README.md",
    "Broken repository link: ACCEPTANCE_REPORT.md: docs/integration-lab.md",
    "Broken repository link: ACCEPTANCE_REPORT.md: tools/integration_demo.py",
    "Broken repository link: ACCEPTANCE_REPORT.md: tests/integration/test_demo_driver.py",
    "Broken repository link: ACCEPTANCE_REPORT.md: GOAL.md",
    "Broken repository link: ACCEPTANCE_REPORT.md: robotops/integration/engine.py",
    "Broken repository link: ACCEPTANCE_REPORT.md: robotops/integration/store.py",
    "Broken repository link: ACCEPTANCE_REPORT.md: tests/integration/test_guided.py",
    "Broken repository link: ACCEPTANCE_REPORT.md: README.md",
    "Broken repository link: ACCEPTANCE_REPORT.md: docs/integration-lab.md",
    "Broken repository link: ACCEPTANCE_REPORT.md: tools/integration_demo.py",
    "Broken repository link: ACCEPTANCE_REPORT.md: tests/integration/test_demo_driver.py",
    "Broken repository link: ACCEPTANCE_REPORT.md: tools/acceptance.py",
    "Broken repository link: ACCEPTANCE_REPORT.md: docs/acceptance-map.json",
    "Broken repository link: ACCEPTANCE_REPORT.md: docs/implementation/acceptance.md",
    "Broken repository link: ACCEPTANCE_REPORT.md: tools/acceptance.py",
    "Broken repository link: ACCEPTANCE_REPORT.md: docs/acceptance-map.json",
    "Broken repository link: ACCEPTANCE_REPORT.md: docs/implementation/acceptance.md",
    "Broken repository link: ACCEPTANCE_REPORT.md: tools/acceptance.py",
    "Broken repository link: ACCEPTANCE_REPORT.md: docs/acceptance-map.json",
    "Broken repository link: ACCEPTANCE_REPORT.md: docs/implementation/acceptance.md",
    "Broken repository link: ACCEPTANCE_REPORT.md: tools/acceptance.py",
    "Broken repository link: ACCEPTANCE_REPORT.md: docs/acceptance-map.json",
    "Broken repository link: ACCEPTANCE_REPORT.md: docs/implementation/acceptance.md",
    "Broken repository link: ACCEPTANCE_REPORT.md: tools/acceptance.py",
    "Broken repository link: ACCEPTANCE_REPORT.md: GOAL_PROGRESS.md",
    "Broken repository link: ACCEPTANCE_REPORT.md: tools/acceptance.py",
    "Broken repository link: ACCEPTANCE_REPORT.md: docs/acceptance-map.json",
    "Broken repository link: ACCEPTANCE_REPORT.md: docs/implementation/acceptance.md",
    "Broken repository link: ACCEPTANCE_REPORT.md: robotops/domain/ports.py",
    "Broken repository link: ACCEPTANCE_REPORT.md: publication/diagrams.json",
    "Broken repository link: ACCEPTANCE_REPORT.md: docs/implementation/contracts.md",
    "Broken repository link: ACCEPTANCE_REPORT.md: robotops/domain/ports.py",
    "Broken repository link: ACCEPTANCE_REPORT.md: publication/diagrams.json",
    "Broken repository link: ACCEPTANCE_REPORT.md: docs/implementation/contracts.md",
    "Broken repository link: ACCEPTANCE_REPORT.md: README.md",
    "Broken repository link: ACCEPTANCE_REPORT.md: reports/01-design.md",
    "Broken repository link: ACCEPTANCE_REPORT.md: reports/02-avgransning.md",
    "Broken repository link: ACCEPTANCE_REPORT.md: reports/03-diskussion.md",
    "Broken repository link: ACCEPTANCE_REPORT.md: publication/references.json",
    "Broken repository link: ACCEPTANCE_REPORT.md: publication/diagrams.json",
    "Broken repository link: ACCEPTANCE_REPORT.md: PUBLICATION.md",
    "Broken repository link: ACCEPTANCE_REPORT.md: blender/scripts/runtime.py",
    "Broken repository link: ACCEPTANCE_REPORT.md: robotops/blender/adapter.py",
    "Broken repository link: ACCEPTANCE_REPORT.md: docs/evidence/p4-blender-lost-ack.png",
    "Broken repository link: ACCEPTANCE_REPORT.md: blender/scripts/runtime.py",
    "Broken repository link: ACCEPTANCE_REPORT.md: robotops/blender/adapter.py",
    "Broken repository link: ACCEPTANCE_REPORT.md: docs/evidence/p4-blender-lost-ack.png",
    "Broken repository link: ACCEPTANCE_REPORT.md: blender/scripts/runtime.py",
    "Broken repository link: ACCEPTANCE_REPORT.md: robotops/blender/adapter.py",
    "Broken repository link: ACCEPTANCE_REPORT.md: docs/evidence/p4-blender-lost-ack.png",
    "Broken repository link: ACCEPTANCE_REPORT.md: docs/implementation/playback.md",
    "Broken repository link: ACCEPTANCE_REPORT.md: tests/blender/test_playback.py",
    "Broken repository link: ACCEPTANCE_REPORT.md: robotops/scene_geometry.py",
    "Broken repository link: ACCEPTANCE_REPORT.md: docs/adr/0004-full-3d-scenario-replay.md",
    "Broken repository link: ACCEPTANCE_REPORT.md: blender/scripts/runtime.py",
    "Broken repository link: ACCEPTANCE_REPORT.md: robotops/blender/adapter.py",
    "Broken repository link: ACCEPTANCE_REPORT.md: docs/evidence/p4-blender-lost-ack.png",
    "Broken repository link: ACCEPTANCE_REPORT.md: robotops/blender/adapter.py",
    "Broken repository link: ACCEPTANCE_REPORT.md: docs/security-exceptions.json",
    "Broken repository link: ACCEPTANCE_REPORT.md: docs/implementation/blender.md",
    "Broken repository link: ACCEPTANCE_REPORT.md: README.md",
    "Broken repository link: ACCEPTANCE_REPORT.md: reports/01-design.md",
    "Broken repository link: ACCEPTANCE_REPORT.md: reports/02-avgransning.md",
    "Broken repository link: ACCEPTANCE_REPORT.md: reports/03-diskussion.md",
    "Broken repository link: ACCEPTANCE_REPORT.md: publication/references.json",
    "Broken repository link: ACCEPTANCE_REPORT.md: publication/diagrams.json",
    "Broken repository link: ACCEPTANCE_REPORT.md: PUBLICATION.md",
    "Broken repository link: ACCEPTANCE_REPORT.md: robotops/brain/deterministic.py",
    "Broken repository link: ACCEPTANCE_REPORT.md: robotops/domain/ports.py",
    "Broken repository link: ACCEPTANCE_REPORT.md: robotops/brain/validation.py",
    "Broken repository link: ACCEPTANCE_REPORT.md: robotops/workflow/engine.py",
    "Broken repository link: ACCEPTANCE_REPORT.md: robotops/brain/deterministic.py",
    "Broken repository link: ACCEPTANCE_REPORT.md: robotops/domain/ports.py",
    "Broken repository link: ACCEPTANCE_REPORT.md: robotops/brain/deterministic.py",
    "Broken repository link: ACCEPTANCE_REPORT.md: robotops/domain/ports.py",
    "Broken repository link: ACCEPTANCE_REPORT.md: robotops/domain/models.py",
    "Broken repository link: ACCEPTANCE_REPORT.md: contracts/schemas/RobotCommand.json",
    "Broken repository link: ACCEPTANCE_REPORT.md: contracts/schemas/WorldObservation.json",
    "Broken repository link: ACCEPTANCE_REPORT.md: robotops/domain/models.py",
    "Broken repository link: ACCEPTANCE_REPORT.md: contracts/schemas/RobotCommand.json",
    "Broken repository link: ACCEPTANCE_REPORT.md: contracts/schemas/WorldObservation.json",
    "Broken repository link: ACCEPTANCE_REPORT.md: robotops/domain/models.py",
    "Broken repository link: ACCEPTANCE_REPORT.md: contracts/schemas/RobotCommand.json",
    "Broken repository link: ACCEPTANCE_REPORT.md: contracts/schemas/WorldObservation.json",
    "Broken repository link: ACCEPTANCE_REPORT.md: tests/e2e/test_workflow.py",
    "Broken repository link: ACCEPTANCE_REPORT.md: robotops/workflow/store.py",
    "Broken repository link: ACCEPTANCE_REPORT.md: contracts/openapi.json",
    "Broken repository link: ACCEPTANCE_REPORT.md: .github/workflows/ci.yml",
    "Broken repository link: ACCEPTANCE_REPORT.md: README.md",
    "Broken repository link: ACCEPTANCE_REPORT.md: robotops/demo.py",
    "Broken repository link: ACCEPTANCE_REPORT.md: tests/e2e/test_workflow.py",
    "Broken repository link: ACCEPTANCE_REPORT.md: tests/blender/test_blender_runtime.py",
    "Broken repository link: ACCEPTANCE_REPORT.md: docs/implementation/reconciliation.md",
    "Broken repository link: ACCEPTANCE_REPORT.md: robotops/observability/metrics.py",
    "Broken repository link: ACCEPTANCE_REPORT.md: apps/erp_ui/index.html",
    "Broken repository link: ACCEPTANCE_REPORT.md: apps/erp_ui/app.js",
    "Broken repository link: ACCEPTANCE_REPORT.md: docs/evidence/p5-browser-evidence.json",
    "Broken repository link: ACCEPTANCE_REPORT.md: docs/evidence/ui-p5-completed.png",
    "Broken repository link: ACCEPTANCE_REPORT.md: apps/desktop/backend.py",
    "Broken repository link: ACCEPTANCE_REPORT.md: tests/integration/test_desktop_backend.py",
    "Broken repository link: ACCEPTANCE_REPORT.md: docs/implementation/desktop.md",
    "Broken repository link: ACCEPTANCE_REPORT.md: docs/evidence/desktop-launcher.json",
    "Broken repository link: ACCEPTANCE_REPORT.md: docs/evidence/desktop-window-lost-ack.png",
    "Broken repository link: ACCEPTANCE_REPORT.md: docs/implementation/playback.md",
    "Broken repository link: ACCEPTANCE_REPORT.md: tests/blender/test_playback.py",
    "Broken repository link: ACCEPTANCE_REPORT.md: robotops/scene_geometry.py",
    "Broken repository link: ACCEPTANCE_REPORT.md: docs/adr/0004-full-3d-scenario-replay.md",
    "Broken repository link: ACCEPTANCE_REPORT.md: apps/api/test_sessions.py",
    "Broken repository link: ACCEPTANCE_REPORT.md: tests/integration/test_simulation_tests.py",
    "Broken repository link: ACCEPTANCE_REPORT.md: docs/adr/0007-independent-simulation-tests.md",
    "Broken repository link: ACCEPTANCE_REPORT.md: docs/evidence/test-lifecycle-local.json",
    "Broken repository link: ACCEPTANCE_REPORT.md: tests/e2e/test_reobservation.py",
    "Broken repository link: ACCEPTANCE_REPORT.md: docs/adr/0008-explicit-reobservation-after-intervention.md",
    "Broken repository link: ACCEPTANCE_REPORT.md: apps/erp_ui/workflow-guide.js",
    "Broken repository link: ACCEPTANCE_REPORT.md: apps/erp_ui/theme.css",
    "Broken repository link: ACCEPTANCE_REPORT.md: tests/ui/workflow-guide.test.cjs",
    "Broken repository link: ACCEPTANCE_REPORT.md: tests/ui/dashboard.test.cjs",
    "Broken repository link: ACCEPTANCE_REPORT.md: docs/adr/0009-guided-simulation-workflow.md",
    "Broken repository link: ACCEPTANCE_REPORT.md: docs/evidence/guided-workflow-local.json",
    "Broken repository link: ACCEPTANCE_REPORT.md: docs/implementation/scenarios.md",
    "Broken repository link: ACCEPTANCE_REPORT.md: docs/evidence/scenario-help-local.json",
    "Broken repository link: ACCEPTANCE_REPORT.md: tests/integration/test_test_management.py",
    "Broken repository link: ACCEPTANCE_REPORT.md: tests/browser/test_investigation.py",
    "Broken repository link: ACCEPTANCE_REPORT.md: docs/adr/0013-reusable-test-lifecycle.md",
    "Broken repository link: ACCEPTANCE_REPORT.md: robotops/brain/deterministic.py",
    "Broken repository link: ACCEPTANCE_REPORT.md: robotops/domain/ports.py",
    "Broken repository link: ACCEPTANCE_REPORT.md: README.md",
    "Broken repository link: ACCEPTANCE_REPORT.md: reports/01-design.md",
    "Broken repository link: ACCEPTANCE_REPORT.md: reports/02-avgransning.md",
    "Broken repository link: ACCEPTANCE_REPORT.md: reports/03-diskussion.md",
    "Broken repository link: ACCEPTANCE_REPORT.md: publication/references.json",
    "Broken repository link: ACCEPTANCE_REPORT.md: publication/diagrams.json",
    "Broken repository link: ACCEPTANCE_REPORT.md: PUBLICATION.md",
    "Broken repository link: ACCEPTANCE_REPORT.md: README.md",
    "Broken repository link: ACCEPTANCE_REPORT.md: robotops/demo.py",
    "Broken repository link: ACCEPTANCE_REPORT.md: uv.lock",
    "Broken repository link: ACCEPTANCE_REPORT.md: .python-version",
    "Broken repository link: ACCEPTANCE_REPORT.md: docs/implementation/dependencies.md",
    "Broken repository link: ACCEPTANCE_REPORT.md: docs/adr/0001-durable-synthetic-boundaries.md",
    "Broken repository link: ACCEPTANCE_REPORT.md: PUBLICATION.md",
    "Broken repository link: ACCEPTANCE_REPORT.md: publication/references.json",
    "Broken repository link: ACCEPTANCE_REPORT.md: robotops/domain/models.py",
    "Broken repository link: ACCEPTANCE_REPORT.md: robotops/faults/injection.py",
    "Broken repository link: ACCEPTANCE_REPORT.md: robotops/cell/runtime.py",
    "Broken repository link: ACCEPTANCE_REPORT.md: tests/integration/test_runtime.py",
    "Broken repository link: ACCEPTANCE_REPORT.md: robotops/cell/runtime.py",
    "Broken repository link: ACCEPTANCE_REPORT.md: tests/integration/test_runtime.py",
    "Broken repository link: ACCEPTANCE_REPORT.md: robotops/cell/controller.py",
    "Broken repository link: ACCEPTANCE_REPORT.md: tests/e2e/test_workflow.py",
    "Broken repository link: ACCEPTANCE_REPORT.md: robotops/brain/validation.py",
    "Broken repository link: ACCEPTANCE_REPORT.md: robotops/workflow/engine.py",
    "Broken repository link: ACCEPTANCE_REPORT.md: robotops/cell/runtime.py",
    "Broken repository link: ACCEPTANCE_REPORT.md: robotops/robot_gateway/gateway.py",
    "Broken repository link: ACCEPTANCE_REPORT.md: robotops/cell/runtime.py",
    "Broken repository link: ACCEPTANCE_REPORT.md: tests/integration/test_runtime.py",
    "Broken repository link: ACCEPTANCE_REPORT.md: robotops/workflow/store.py",
    "Broken repository link: ACCEPTANCE_REPORT.md: tests/integration/test_store.py",
    "Broken repository link: ACCEPTANCE_REPORT.md: robotops/cell/runtime.py",
    "Broken repository link: ACCEPTANCE_REPORT.md: robotops/robot_gateway/gateway.py",
    "Broken repository link: ACCEPTANCE_REPORT.md: README.md",
    "Broken repository link: ACCEPTANCE_REPORT.md: reports/01-design.md",
    "Broken repository link: ACCEPTANCE_REPORT.md: reports/02-avgransning.md",
    "Broken repository link: ACCEPTANCE_REPORT.md: reports/03-diskussion.md",
    "Broken repository link: ACCEPTANCE_REPORT.md: publication/references.json",
    "Broken repository link: ACCEPTANCE_REPORT.md: publication/diagrams.json",
    "Broken repository link: ACCEPTANCE_REPORT.md: PUBLICATION.md",
    "Broken repository link: ACCEPTANCE_REPORT.md: README.md",
    "Broken repository link: ACCEPTANCE_REPORT.md: reports/01-design.md",
    "Broken repository link: ACCEPTANCE_REPORT.md: reports/02-avgransning.md",
    "Broken repository link: ACCEPTANCE_REPORT.md: reports/03-diskussion.md",
    "Broken repository link: ACCEPTANCE_REPORT.md: publication/references.json",
    "Broken repository link: ACCEPTANCE_REPORT.md: publication/diagrams.json",
    "Broken repository link: ACCEPTANCE_REPORT.md: PUBLICATION.md",
    "Broken repository link: ACCEPTANCE_REPORT.md: README.md",
    "Broken repository link: ACCEPTANCE_REPORT.md: reports/01-design.md",
    "Broken repository link: ACCEPTANCE_REPORT.md: reports/02-avgransning.md",
    "Broken repository link: ACCEPTANCE_REPORT.md: reports/03-diskussion.md",
    "Broken repository link: ACCEPTANCE_REPORT.md: publication/references.json",
    "Broken repository link: ACCEPTANCE_REPORT.md: publication/diagrams.json",
    "Broken repository link: ACCEPTANCE_REPORT.md: PUBLICATION.md",
    "Broken repository link: ACCEPTANCE_REPORT.md: README.md",
    "Broken repository link: ACCEPTANCE_REPORT.md: reports/01-design.md",
    "Broken repository link: ACCEPTANCE_REPORT.md: reports/02-avgransning.md",
    "Broken repository link: ACCEPTANCE_REPORT.md: reports/03-diskussion.md",
    "Broken repository link: ACCEPTANCE_REPORT.md: publication/references.json",
    "Broken repository link: ACCEPTANCE_REPORT.md: publication/diagrams.json",
    "Broken repository link: ACCEPTANCE_REPORT.md: PUBLICATION.md",
    "Broken repository link: ACCEPTANCE_REPORT.md: tools/drift_check.py",
    "Broken repository link: ACCEPTANCE_REPORT.md: tools/build_publication.py",
    "Broken repository link: ACCEPTANCE_REPORT.md: docs/acceptance-map.json",
    "Broken repository link: ACCEPTANCE_REPORT.md: .github/workflows/publish-reports.yml",
    "Broken repository link: ACCEPTANCE_REPORT.md: tools/build_publication.py",
    "Broken repository link: ACCEPTANCE_REPORT.md: .github/workflows/publish-reports.yml",
    "Broken repository link: ACCEPTANCE_REPORT.md: tools/build_publication.py",
    "Broken repository link: ACCEPTANCE_REPORT.md: publication/status.json",
    "Broken repository link: ACCEPTANCE_REPORT.md: tools/build_publication.py",
    "Broken repository link: ACCEPTANCE_REPORT.md: tools/acceptance.py",
    "Broken repository link: ACCEPTANCE_REPORT.md: GOAL_PROGRESS.md",
    "Broken repository link: ACCEPTANCE_REPORT.md: README.md",
    "Broken repository link: ACCEPTANCE_REPORT.md: reports/01-design.md",
    "Broken repository link: ACCEPTANCE_REPORT.md: reports/02-avgransning.md",
    "Broken repository link: ACCEPTANCE_REPORT.md: reports/03-diskussion.md",
    "Broken repository link: ACCEPTANCE_REPORT.md: publication/references.json",
    "Broken repository link: ACCEPTANCE_REPORT.md: publication/diagrams.json",
    "Broken repository link: ACCEPTANCE_REPORT.md: PUBLICATION.md",
    "Broken repository link: ACCEPTANCE_REPORT.md: robotops/observability/metrics.py",
    "Broken repository link: ACCEPTANCE_REPORT.md: apps/erp_ui/index.html",
    "Broken repository link: ACCEPTANCE_REPORT.md: apps/erp_ui/app.js",
    "Broken repository link: ACCEPTANCE_REPORT.md: docs/evidence/p5-browser-evidence.json",
    "Broken repository link: ACCEPTANCE_REPORT.md: docs/evidence/ui-p5-completed.png",
    "Broken repository link: ACCEPTANCE_REPORT.md: robotops/observability/metrics.py",
    "Broken repository link: ACCEPTANCE_REPORT.md: apps/erp_ui/index.html",
    "Broken repository link: ACCEPTANCE_REPORT.md: apps/erp_ui/app.js",
    "Broken repository link: ACCEPTANCE_REPORT.md: docs/evidence/p5-browser-evidence.json",
    "Broken repository link: ACCEPTANCE_REPORT.md: docs/evidence/ui-p5-completed.png",
    "Broken repository link: ACCEPTANCE_REPORT.md: robotops/observability/metrics.py",
    "Broken repository link: ACCEPTANCE_REPORT.md: apps/erp_ui/index.html",
    "Broken repository link: ACCEPTANCE_REPORT.md: apps/erp_ui/app.js",
    "Broken repository link: ACCEPTANCE_REPORT.md: docs/evidence/p5-browser-evidence.json",
    "Broken repository link: ACCEPTANCE_REPORT.md: docs/evidence/ui-p5-completed.png",
    "Broken repository link: ACCEPTANCE_REPORT.md: robotops/observability/metrics.py",
    "Broken repository link: ACCEPTANCE_REPORT.md: apps/erp_ui/index.html",
    "Broken repository link: ACCEPTANCE_REPORT.md: apps/erp_ui/app.js",
    "Broken repository link: ACCEPTANCE_REPORT.md: docs/evidence/p5-browser-evidence.json",
    "Broken repository link: ACCEPTANCE_REPORT.md: docs/evidence/ui-p5-completed.png",
    "Broken repository link: ACCEPTANCE_REPORT.md: robotops/domain/models.py",
    "Broken repository link: ACCEPTANCE_REPORT.md: robotops/verification/verifier.py",
    "Broken repository link: ACCEPTANCE_REPORT.md: publication/diagrams.json",
    "Broken repository link: ACCEPTANCE_REPORT.md: robotops/domain/models.py",
    "Broken repository link: ACCEPTANCE_REPORT.md: robotops/verification/verifier.py",
    "Broken repository link: ACCEPTANCE_REPORT.md: publication/diagrams.json",
    "Broken repository link: ACCEPTANCE_REPORT.md: robotops/observation/model.py",
    "Broken repository link: ACCEPTANCE_REPORT.md: robotops/verification/verifier.py",
    "Broken repository link: ACCEPTANCE_REPORT.md: tests/e2e/test_workflow.py",
    "Broken repository link: ACCEPTANCE_REPORT.md: robotops/verification/verifier.py",
    "Broken repository link: ACCEPTANCE_REPORT.md: contracts/schemas/VerificationResult.json",
    "Broken repository link: ACCEPTANCE_REPORT.md: robotops/observation/model.py",
    "Broken repository link: ACCEPTANCE_REPORT.md: robotops/verification/verifier.py",
    "Broken repository link: ACCEPTANCE_REPORT.md: tests/e2e/test_workflow.py",
    "Broken repository link: ACCEPTANCE_REPORT.md: README.md",
    "Broken repository link: ACCEPTANCE_REPORT.md: robotops/demo.py",
    "Broken repository link: ACCEPTANCE_REPORT.md: robotops/workflow/engine.py",
    "Broken repository link: ACCEPTANCE_REPORT.md: robotops/workflow/store.py",
    "Broken repository link: ACCEPTANCE_REPORT.md: tests/integration/test_process_restart.py",
    "Broken repository link: ACCEPTANCE_REPORT.md: robotops/workflow/engine.py",
    "Broken repository link: ACCEPTANCE_REPORT.md: robotops/workflow/store.py",
    "Broken repository link: ACCEPTANCE_REPORT.md: tests/integration/test_process_restart.py",
    "Broken repository link: ACCEPTANCE_REPORT.md: robotops/workflow/engine.py",
    "Broken repository link: ACCEPTANCE_REPORT.md: robotops/workflow/store.py",
    "Broken repository link: ACCEPTANCE_REPORT.md: tests/integration/test_process_restart.py",
    "Broken repository link: ACCEPTANCE_REPORT.md: apps/desktop/backend.py",
    "Broken repository link: ACCEPTANCE_REPORT.md: tests/integration/test_desktop_backend.py",
    "Broken repository link: ACCEPTANCE_REPORT.md: docs/implementation/desktop.md",
    "Broken repository link: ACCEPTANCE_REPORT.md: apps/api/test_sessions.py",
    "Broken repository link: ACCEPTANCE_REPORT.md: tests/integration/test_simulation_tests.py",
    "Broken repository link: ACCEPTANCE_REPORT.md: docs/adr/0007-independent-simulation-tests.md",
    "Broken repository link: ACCEPTANCE_REPORT.md: docs/evidence/test-lifecycle-local.json",
    "Broken repository link: ACCEPTANCE_REPORT.md: tests/integration/test_test_management.py",
    "Broken repository link: ACCEPTANCE_REPORT.md: docs/adr/0011-cell-selection-and-test-data-lifecycle.md",
    "Broken repository link: ACCEPTANCE_REPORT.md: tests/e2e/test_workflow.py",
    "Broken repository link: ACCEPTANCE_REPORT.md: tests/blender/test_blender_runtime.py",
    "Broken repository link: ACCEPTANCE_REPORT.md: docs/implementation/reconciliation.md",
    "Broken repository link: ACCEPTANCE_REPORT.md: tests/e2e/test_workflow.py",
    "Broken repository link: ACCEPTANCE_REPORT.md: tests/blender/test_blender_runtime.py",
    "Broken repository link: ACCEPTANCE_REPORT.md: docs/implementation/reconciliation.md",
    "Broken repository link: ACCEPTANCE_REPORT.md: tests/e2e/test_reobservation.py",
    "Broken repository link: ACCEPTANCE_REPORT.md: docs/adr/0008-explicit-reobservation-after-intervention.md",
    "Broken repository link: ACCEPTANCE_REPORT.md: tests/e2e/test_workflow.py",
    "Broken repository link: ACCEPTANCE_REPORT.md: tests/blender/test_blender_runtime.py",
    "Broken repository link: ACCEPTANCE_REPORT.md: docs/implementation/reconciliation.md",
    "Broken repository link: ACCEPTANCE_REPORT.md: tests/e2e/test_workflow.py",
    "Broken repository link: ACCEPTANCE_REPORT.md: tests/blender/test_blender_runtime.py",
    "Broken repository link: ACCEPTANCE_REPORT.md: docs/implementation/reconciliation.md",
    "Broken repository link: ACCEPTANCE_REPORT.md: tests/e2e/test_reobservation.py",
    "Broken repository link: ACCEPTANCE_REPORT.md: docs/adr/0008-explicit-reobservation-after-intervention.md",
    "Broken repository link: ACCEPTANCE_REPORT.md: robotops/observation/model.py",
    "Broken repository link: ACCEPTANCE_REPORT.md: robotops/verification/verifier.py",
    "Broken repository link: ACCEPTANCE_REPORT.md: tests/e2e/test_workflow.py",
    "Broken repository link: ACCEPTANCE_REPORT.md: tests/e2e/test_reobservation.py",
    "Broken repository link: ACCEPTANCE_REPORT.md: docs/adr/0008-explicit-reobservation-after-intervention.md",
    "Broken repository link: ACCEPTANCE_REPORT.md: robotops/cell/runtime.py",
    "Broken repository link: ACCEPTANCE_REPORT.md: robotops/verification/verifier.py",
    "Broken repository link: ACCEPTANCE_REPORT.md: tests/e2e/test_workflow.py",
    "Broken repository link: ACCEPTANCE_REPORT.md: tests/blender/test_blender_runtime.py",
    "Broken repository link: ACCEPTANCE_REPORT.md: docs/implementation/reconciliation.md",
    "Broken repository link: ACCEPTANCE_REPORT.md: apps/api/test_sessions.py",
    "Broken repository link: ACCEPTANCE_REPORT.md: tests/integration/test_simulation_tests.py",
    "Broken repository link: ACCEPTANCE_REPORT.md: docs/adr/0007-independent-simulation-tests.md",
    "Broken repository link: ACCEPTANCE_REPORT.md: docs/evidence/test-lifecycle-local.json",
    "Broken repository link: ACCEPTANCE_REPORT.md: tests/e2e/test_reobservation.py",
    "Broken repository link: ACCEPTANCE_REPORT.md: docs/adr/0008-explicit-reobservation-after-intervention.md",
    "Broken repository link: ACCEPTANCE_REPORT.md: robotops/workflow/states.py",
    "Broken repository link: ACCEPTANCE_REPORT.md: tests/unit/test_states.py",
    "Broken repository link: ACCEPTANCE_REPORT.md: tests/e2e/test_reobservation.py",
    "Broken repository link: ACCEPTANCE_REPORT.md: docs/adr/0008-explicit-reobservation-after-intervention.md",
    "Broken repository link: ACCEPTANCE_REPORT.md: robotops/workflow/states.py",
    "Broken repository link: ACCEPTANCE_REPORT.md: robotops/workflow/engine.py",
    "Broken repository link: ACCEPTANCE_REPORT.md: robotops/workflow/states.py",
    "Broken repository link: ACCEPTANCE_REPORT.md: robotops/workflow/engine.py",
    "Broken repository link: ACCEPTANCE_REPORT.md: tests/e2e/test_reobservation.py",
    "Broken repository link: ACCEPTANCE_REPORT.md: docs/adr/0008-explicit-reobservation-after-intervention.md",
    "Broken repository link: ACCEPTANCE_REPORT.md: robotops/observation/model.py",
    "Broken repository link: ACCEPTANCE_REPORT.md: robotops/verification/verifier.py",
    "Broken repository link: ACCEPTANCE_REPORT.md: tests/e2e/test_workflow.py",
    "Broken repository link: ACCEPTANCE_REPORT.md: tests/e2e/test_reobservation.py",
    "Broken repository link: ACCEPTANCE_REPORT.md: docs/adr/0008-explicit-reobservation-after-intervention.md",
    "Broken repository link: ACCEPTANCE_REPORT.md: robotops/cell/runtime.py",
    "Broken repository link: ACCEPTANCE_REPORT.md: tests/integration/test_runtime.py",
    "Broken repository link: ACCEPTANCE_REPORT.md: robotops/cell/controller.py",
    "Broken repository link: ACCEPTANCE_REPORT.md: tests/e2e/test_workflow.py",
    "Broken repository link: ACCEPTANCE_REPORT.md: pyproject.toml",
    "Broken repository link: ACCEPTANCE_REPORT.md: Makefile",
    "Broken repository link: ACCEPTANCE_REPORT.md: tests/conftest.py",
    "Broken repository link: ACCEPTANCE_REPORT.md: .github/workflows/ci.yml",
    "Broken repository link: ACCEPTANCE_REPORT.md: pyproject.toml",
    "Broken repository link: ACCEPTANCE_REPORT.md: Makefile",
    "Broken repository link: ACCEPTANCE_REPORT.md: tests/conftest.py",
    "Broken repository link: ACCEPTANCE_REPORT.md: .github/workflows/ci.yml",
    "Broken repository link: ACCEPTANCE_REPORT.md: pyproject.toml",
    "Broken repository link: ACCEPTANCE_REPORT.md: Makefile",
    "Broken repository link: ACCEPTANCE_REPORT.md: tests/conftest.py",
    "Broken repository link: ACCEPTANCE_REPORT.md: .github/workflows/ci.yml",
    "Broken repository link: ACCEPTANCE_REPORT.md: pyproject.toml",
    "Broken repository link: ACCEPTANCE_REPORT.md: pyproject.toml",
    "Broken repository link: ACCEPTANCE_REPORT.md: docs/security-exceptions.json",
    "Broken repository link: ACCEPTANCE_REPORT.md: docs/implementation/dependencies.md",
    "Broken repository link: ACCEPTANCE_REPORT.md: uv.lock",
    "Broken repository link: ACCEPTANCE_REPORT.md: pyproject.toml",
    "Broken repository link: ACCEPTANCE_REPORT.md: Makefile",
    "Broken repository link: ACCEPTANCE_REPORT.md: tests/conftest.py",
    "Broken repository link: ACCEPTANCE_REPORT.md: .github/workflows/ci.yml",
    "Broken repository link: ACCEPTANCE_REPORT.md: tests/browser/test_investigation.py",
    "Broken repository link: ACCEPTANCE_REPORT.md: tests/ui/investigation.test.cjs",
    "Broken repository link: ACCEPTANCE_REPORT.md: tests/ui/dashboard.test.cjs",
    "Broken repository link: ACCEPTANCE_REPORT.md: apps/erp_ui/app.js",
    "Broken repository link: ACCEPTANCE_REPORT.md: apps/erp_ui/workflow-guide.js",
    "Broken repository link: ACCEPTANCE_REPORT.md: docs/implementation/investigation.md",
    "Broken repository link: ACCEPTANCE_REPORT.md: docs/adr/0012-evidence-driven-investigation.md",
    "Broken repository link: ACCEPTANCE_REPORT.md: tests/browser/test_investigation.py",
    "Broken repository link: ACCEPTANCE_REPORT.md: tests/ui/investigation.test.cjs",
    "Broken repository link: ACCEPTANCE_REPORT.md: tests/ui/dashboard.test.cjs",
    "Broken repository link: ACCEPTANCE_REPORT.md: apps/erp_ui/app.js",
    "Broken repository link: ACCEPTANCE_REPORT.md: apps/erp_ui/workflow-guide.js",
    "Broken repository link: ACCEPTANCE_REPORT.md: docs/implementation/investigation.md",
    "Broken repository link: ACCEPTANCE_REPORT.md: docs/adr/0012-evidence-driven-investigation.md",
    "Broken repository link: ACCEPTANCE_REPORT.md: tests/browser/test_investigation.py",
    "Broken repository link: ACCEPTANCE_REPORT.md: tests/ui/investigation.test.cjs",
    "Broken repository link: ACCEPTANCE_REPORT.md: tests/ui/dashboard.test.cjs",
    "Broken repository link: ACCEPTANCE_REPORT.md: apps/erp_ui/app.js",
    "Broken repository link: ACCEPTANCE_REPORT.md: apps/erp_ui/workflow-guide.js",
    "Broken repository link: ACCEPTANCE_REPORT.md: docs/implementation/investigation.md",
    "Broken repository link: ACCEPTANCE_REPORT.md: docs/adr/0012-evidence-driven-investigation.md",
    "Broken repository link: ACCEPTANCE_REPORT.md: tests/browser/test_investigation.py",
    "Broken repository link: ACCEPTANCE_REPORT.md: tests/ui/investigation.test.cjs",
    "Broken repository link: ACCEPTANCE_REPORT.md: tests/ui/dashboard.test.cjs",
    "Broken repository link: ACCEPTANCE_REPORT.md: apps/erp_ui/app.js",
    "Broken repository link: ACCEPTANCE_REPORT.md: apps/erp_ui/workflow-guide.js",
    "Broken repository link: ACCEPTANCE_REPORT.md: docs/implementation/investigation.md",
    "Broken repository link: ACCEPTANCE_REPORT.md: docs/adr/0012-evidence-driven-investigation.md",
    "Broken repository link: ACCEPTANCE_REPORT.md: tests/browser/test_investigation.py",
    "Broken repository link: ACCEPTANCE_REPORT.md: tests/ui/investigation.test.cjs",
    "Broken repository link: ACCEPTANCE_REPORT.md: tests/ui/dashboard.test.cjs",
    "Broken repository link: ACCEPTANCE_REPORT.md: apps/erp_ui/app.js",
    "Broken repository link: ACCEPTANCE_REPORT.md: apps/erp_ui/workflow-guide.js",
    "Broken repository link: ACCEPTANCE_REPORT.md: docs/implementation/investigation.md",
    "Broken repository link: ACCEPTANCE_REPORT.md: docs/adr/0012-evidence-driven-investigation.md",
    "Broken repository link: ACCEPTANCE_REPORT.md: tests/browser/test_investigation.py",
    "Broken repository link: ACCEPTANCE_REPORT.md: tests/ui/investigation.test.cjs",
    "Broken repository link: ACCEPTANCE_REPORT.md: tests/ui/dashboard.test.cjs",
    "Broken repository link: ACCEPTANCE_REPORT.md: apps/erp_ui/app.js",
    "Broken repository link: ACCEPTANCE_REPORT.md: apps/erp_ui/workflow-guide.js",
    "Broken repository link: ACCEPTANCE_REPORT.md: docs/implementation/investigation.md",
    "Broken repository link: ACCEPTANCE_REPORT.md: docs/adr/0012-evidence-driven-investigation.md",
    "Broken repository link: ACCEPTANCE_REPORT.md: tests/browser/test_investigation.py",
    "Broken repository link: ACCEPTANCE_REPORT.md: tests/ui/investigation.test.cjs",
    "Broken repository link: ACCEPTANCE_REPORT.md: tests/ui/dashboard.test.cjs",
    "Broken repository link: ACCEPTANCE_REPORT.md: apps/erp_ui/app.js",
    "Broken repository link: ACCEPTANCE_REPORT.md: apps/erp_ui/workflow-guide.js",
    "Broken repository link: ACCEPTANCE_REPORT.md: docs/implementation/investigation.md",
    "Broken repository link: ACCEPTANCE_REPORT.md: docs/adr/0012-evidence-driven-investigation.md",
    "Broken repository link: ACCEPTANCE_REPORT.md: tests/browser/test_investigation.py",
    "Broken repository link: ACCEPTANCE_REPORT.md: tests/ui/investigation.test.cjs",
    "Broken repository link: ACCEPTANCE_REPORT.md: tests/ui/dashboard.test.cjs",
    "Broken repository link: ACCEPTANCE_REPORT.md: apps/erp_ui/app.js",
    "Broken repository link: ACCEPTANCE_REPORT.md: apps/erp_ui/workflow-guide.js",
    "Broken repository link: ACCEPTANCE_REPORT.md: docs/implementation/investigation.md",
    "Broken repository link: ACCEPTANCE_REPORT.md: docs/adr/0012-evidence-driven-investigation.md",
    "Broken repository link: ACCEPTANCE_REPORT.md: docs/implementation/desktop.md",
    "Broken repository link: ACCEPTANCE_REPORT.md: docs/evidence/3d-desktop.json",
    "Broken repository link: ACCEPTANCE_REPORT.md: docs/implementation/hkm-inspired.md",
    "Broken repository link: ACCEPTANCE_REPORT.md: docs/adr/0010-hkm-inspired-versioned-cell.md",
    "Broken repository link: ACCEPTANCE_REPORT.md: docs/generated/product-tool-catalogue.md",
    "Broken repository link: ACCEPTANCE_REPORT.md: docs/evidence/hkm-baseline-eaf35b4/provenance.json",
    "Broken repository link: ACCEPTANCE_REPORT.md: docs/implementation/playback.md",
    "Broken repository link: ACCEPTANCE_REPORT.md: docs/evidence/3d-scenarios.json",
    "Broken repository link: ACCEPTANCE_REPORT.md: docs/adr/0004-full-3d-scenario-replay.md",
    "Broken repository link: ACCEPTANCE_REPORT.md: docs/implementation/investigation.md",
    "Broken repository link: ACCEPTANCE_REPORT.md: docs/evidence/investigation-ui-baseline/README.md",
    "Broken repository link: ACCEPTANCE_REPORT.md: docs/evidence/test-management-local/README.md",
    "Broken repository link: ACCEPTANCE_REPORT.md: docs/evidence/test-management-final/README.md",
    "Broken repository link: ACCEPTANCE_REPORT.md: docs/implementation/scenarios.md",
    "Broken repository link: ACCEPTANCE_REPORT.md: docs/evidence/scenario-help-local.json",
    "Broken repository link: ACCEPTANCE_REPORT.md: docs/evidence/reobservation-local.json",
    "Broken repository link: ACCEPTANCE_REPORT.md: docs/evidence/guided-workflow-local.json",
    "Broken repository link: ACCEPTANCE_REPORT.md: docs/evidence/test-lifecycle-local.json",
    "Broken repository link: final-report-9e83fe7-local-preparation.md: ../docs/evidence/acceptance/20261006T024719/manifest.json",
    "Broken repository link: final-report-9e83fe7-local-preparation.md: run-acceptance-response-sync.ps1",
    "Broken repository link: final-report-9e83fe7-local-preparation.md: acceptance-response-sync-exit.json",
    "Broken repository link: final-report-9e83fe7-local-preparation.md: final-evidence-pack/9e83fe7/local-acceptance-independent-review.json",
    "Broken repository link: final-report-9e83fe7-local-preparation.md: final-evidence-pack/9e83fe7/local-acceptance-review.json",
    "Broken repository link: final-report-9e83fe7-local-preparation.md: ../docs/evidence/acceptance/20261006T024719/tests-1.xml",
    "Broken repository link: final-report-9e83fe7-local-preparation.md: ../docs/evidence/acceptance/20261006T024719/tests-2.xml",
    "Broken repository link: final-report-9e83fe7-local-preparation.md: ../docs/evidence/acceptance/20261006T024719/coverage-1.json",
    "Broken repository link: final-report-9e83fe7-local-preparation.md: ../docs/evidence/acceptance/20261006T024719/coverage-2.json",
    "Broken repository link: final-report-9e83fe7-local-preparation.md: ../docs/evidence/acceptance/20261006T024719/repeatability.json",
    "Broken repository link: final-report-9e83fe7-local-preparation.md: ../docs/evidence/acceptance/20261006T024719/setup.log",
    "Broken repository link: final-report-9e83fe7-local-preparation.md: ../docs/evidence/acceptance/20261006T024719/browser_setup.log",
    "Broken repository link: final-report-9e83fe7-local-preparation.md: ../docs/evidence/acceptance/20261006T024719/blender_version.log",
    "Broken repository link: final-report-9e83fe7-local-preparation.md: ../docs/evidence/acceptance/20261006T024719/security.log",
    "Broken repository link: final-report-9e83fe7-local-preparation.md: ../docs/evidence/acceptance/20261006T024719/tests_1.log",
    "Broken repository link: final-report-9e83fe7-local-preparation.md: ../docs/evidence/acceptance/20261006T024719/tests_2.log",
    "Broken repository link: final-report-9e83fe7-local-preparation.md: ../docs/evidence/acceptance/20261006T024719/repeatability.json",
    "Broken repository link: final-report-9e83fe7-local-preparation.md: ../docs/evidence/acceptance/20261006T024719/lint.log",
    "Broken repository link: final-report-9e83fe7-local-preparation.md: ../docs/evidence/acceptance/20261006T024719/typecheck.log",
    "Broken repository link: final-report-9e83fe7-local-preparation.md: ../docs/evidence/acceptance/20261006T024719/demo_happy_path.log",
    "Broken repository link: final-report-9e83fe7-local-preparation.md: ../docs/evidence/acceptance/20261006T024719/demo_lost_ack_after_effect.log",
    "Broken repository link: final-report-9e83fe7-local-preparation.md: ../docs/evidence/acceptance/20261006T024719/demo_lost_ack_before_effect.log",
    "Broken repository link: final-report-9e83fe7-local-preparation.md: ../docs/evidence/acceptance/20261006T024719/demo_ambiguous.log",
    "Broken repository link: final-report-9e83fe7-local-preparation.md: ../docs/evidence/acceptance/20261006T024719/demo_restart.log",
    "Broken repository link: final-report-9e83fe7-local-preparation.md: ../docs/evidence/acceptance/20261006T024719/demo_logical_estop.log",
    "Broken repository link: final-report-9e83fe7-local-preparation.md: ../docs/evidence/acceptance/20261006T024719/demo_cell_fault.log",
    "Broken repository link: final-report-9e83fe7-local-preparation.md: ../docs/evidence/acceptance/20261006T024719/demo_tool_showcase.log",
    "Broken repository link: final-report-9e83fe7-local-preparation.md: ../docs/evidence/acceptance/20261006T024719/drift.log",
    "Broken repository link: final-report-9e83fe7-local-preparation.md: ../docs/evidence/acceptance/20261006T024719/publication.log",
    "Broken repository link: final-report-9e83fe7-local-preparation.md: ../docs/evidence/acceptance/20261006T024719/publication_final.log",
    "Broken repository link: final-report-9e83fe7-local-preparation.md: ../docs/evidence/acceptance/20261006T024719/security-review.json",
    "Broken repository link: final-report-9e83fe7-local-preparation.md: ../docs/evidence/acceptance/20261006T024719/tests-1.xml",
    "Broken repository link: final-report-9e83fe7-local-preparation.md: ../docs/evidence/acceptance/20261006T024719/tests_1.log",
    "Broken repository link: final-report-9e83fe7-local-preparation.md: ../docs/evidence/acceptance/20261006T024719/coverage-1.json",
    "Broken repository link: final-report-9e83fe7-local-preparation.md: final-evidence-pack/9e83fe7/pass1-case-review-final.json",
    "Broken repository link: final-report-9e83fe7-local-preparation.md: final-evidence-pack/9e83fe7/pass1-saved-visual-review.json",
    "Broken repository link: final-report-9e83fe7-local-preparation.md: ../SUCCESS_CRITERIA.md",
    "Broken repository link: final-report-9e83fe7-local-preparation.md: ../docs/acceptance-map.json",
    "Broken repository link: final-report-9e83fe7-local-preparation.md: ../docs/adr/0002-acceptance-attestations.md",
    "Broken repository link: final-report-9e83fe7-local-preparation.md: ../docs/evidence/lab-a881acf/summary.json",
    "Broken repository link: final-report-9e83fe7-local-preparation.md: ../docs/evidence/acceptance/20261006T012424/manifest.json",
    "Broken repository link: final-report-9e83fe7-local-preparation.md: ../docs/evidence/lab-a881acf/failed-case/diagnosis/trace-timing.json",
    "Broken repository link: final-report-9e83fe7-local-preparation.md: ../docs/evidence/lab-a881acf/response-sync-correction/reviews/synchronization-independent-review.json",
    "Broken repository link: final-report-9e83fe7-local-preparation.md: ../tests/browser/test_investigation.py",
    "Broken repository link: final-report-9e83fe7-local-preparation.md: ../docs/adr/0013-reusable-test-lifecycle.md",
    "Broken repository link: final-report-9e83fe7-local-preparation.md: ../docs/evidence/lab-a881acf/response-sync-correction/summary.json",
    "Broken repository link: final-report-9e83fe7-local-preparation.md: ../docs/evidence/lab-a881acf/response-sync-correction/inputs.json",
    "Broken repository link: final-report-9e83fe7-local-preparation.md: ../docs/evidence/lab-a881acf/response-sync-correction/reviews/correction-independent-review.json",
    "Broken repository link: final-report-9e83fe7-local-preparation.md: ../docs/evidence/lab-a881acf/response-sync-correction/root-review.json",
    "Broken repository link: final-report-9e83fe7-local-preparation.md: ../docs/evidence/lab-a881acf/response-sync-correction/focused/lifecycle-response-sync.xml",
    "Broken repository link: final-report-9e83fe7-local-preparation.md: ../docs/evidence/lab-a881acf/response-sync-correction/delayed-body/test.xml",
    "Broken repository link: final-report-9e83fe7-local-preparation.md: ../docs/evidence/lab-a881acf/response-sync-correction/reviews/delayed-body-root-review.json",
    "Broken repository link: final-report-9e83fe7-local-preparation.md: ../docs/evidence/lab-4774af5/summary.json",
    "Broken repository link: final-report-9e83fe7-local-preparation.md: final-report-a881acf-preparation.md",
    "Broken repository link: final-report-9e83fe7-local-preparation.md: ../docs/evidence/scenario-label-correction/summary.json",
    "Broken repository link: final-report-9e83fe7-local-preparation.md: ../docs/evidence/lab-b968586/http-loop-correction/summary.json",
    "Broken repository link: final-report-9e83fe7-local-preparation.md: ../docs/integration-lab-requirements.md",
    "Broken repository link: final-report-9e83fe7-local-preparation.md: run-manual-lab-9e83fe7.ps1",
    "Broken repository link: final-report-9e83fe7-local-preparation.md: manual-9e83fe7-runbook.md",
    "Broken repository link: final-report-9e83fe7-local-preparation.md: manual-9e83fe7-preparation.json",
    "Broken repository link: final-report-9e83fe7-preparation.md: ../docs/evidence/acceptance/20261006T024719/manifest.json",
    "Broken repository link: final-report-9e83fe7-preparation.md: run-acceptance-response-sync.ps1",
    "Broken repository link: final-report-9e83fe7-preparation.md: ../docs/evidence/acceptance/20261006T024719/tests-1.xml",
    "Broken repository link: final-report-9e83fe7-preparation.md: ../docs/evidence/acceptance/20261006T024719/tests_1.log",
    "Broken repository link: final-report-9e83fe7-preparation.md: ../docs/evidence/acceptance/20261006T024719/coverage-1.json",
    "Broken repository link: final-report-9e83fe7-preparation.md: final-evidence-pack/9e83fe7/pass1-case-review-final.json",
    "Broken repository link: final-report-9e83fe7-preparation.md: final-evidence-pack/9e83fe7/pass1-saved-visual-review.json",
    "Broken repository link: final-report-9e83fe7-preparation.md: ../SUCCESS_CRITERIA.md",
    "Broken repository link: final-report-9e83fe7-preparation.md: ../docs/acceptance-map.json",
    "Broken repository link: final-report-9e83fe7-preparation.md: ../docs/adr/0002-acceptance-attestations.md",
    "Broken repository link: final-report-9e83fe7-preparation.md: ../docs/evidence/lab-a881acf/summary.json",
    "Broken repository link: final-report-9e83fe7-preparation.md: ../docs/evidence/acceptance/20261006T012424/manifest.json",
    "Broken repository link: final-report-9e83fe7-preparation.md: ../docs/evidence/lab-a881acf/failed-case/diagnosis/trace-timing.json",
    "Broken repository link: final-report-9e83fe7-preparation.md: ../docs/evidence/lab-a881acf/response-sync-correction/reviews/synchronization-independent-review.json",
    "Broken repository link: final-report-9e83fe7-preparation.md: ../tests/browser/test_investigation.py",
    "Broken repository link: final-report-9e83fe7-preparation.md: ../docs/adr/0013-reusable-test-lifecycle.md",
    "Broken repository link: final-report-9e83fe7-preparation.md: ../docs/evidence/lab-a881acf/response-sync-correction/summary.json",
    "Broken repository link: final-report-9e83fe7-preparation.md: ../docs/evidence/lab-a881acf/response-sync-correction/inputs.json",
    "Broken repository link: final-report-9e83fe7-preparation.md: ../docs/evidence/lab-a881acf/response-sync-correction/reviews/correction-independent-review.json",
    "Broken repository link: final-report-9e83fe7-preparation.md: ../docs/evidence/lab-a881acf/response-sync-correction/root-review.json",
    "Broken repository link: final-report-9e83fe7-preparation.md: ../docs/evidence/lab-a881acf/response-sync-correction/focused/lifecycle-response-sync.xml",
    "Broken repository link: final-report-9e83fe7-preparation.md: ../docs/evidence/lab-a881acf/response-sync-correction/delayed-body/test.xml",
    "Broken repository link: final-report-9e83fe7-preparation.md: ../docs/evidence/lab-a881acf/response-sync-correction/reviews/delayed-body-root-review.json",
    "Broken repository link: final-report-9e83fe7-preparation.md: ../docs/evidence/lab-4774af5/summary.json",
    "Broken repository link: final-report-9e83fe7-preparation.md: final-report-a881acf-preparation.md",
    "Broken repository link: final-report-9e83fe7-preparation.md: ../docs/evidence/scenario-label-correction/summary.json",
    "Broken repository link: final-report-9e83fe7-preparation.md: ../docs/evidence/lab-b968586/http-loop-correction/summary.json",
    "Broken repository link: final-report-9e83fe7-preparation.md: ../docs/integration-lab-requirements.md",
    "Broken repository link: final-report-9e83fe7-preparation.md: run-manual-lab-9e83fe7.ps1",
    "Broken repository link: final-report-9e83fe7-preparation.md: manual-9e83fe7-runbook.md",
    "Broken repository link: final-report-9e83fe7-preparation.md: manual-9e83fe7-preparation.json",
    "Broken repository link: final-report-9e83fe7-preparation.md: final-evidence-pack/9e83fe7/initial-report-preparation/copy-receipt.json",
    "Broken repository link: final-report-9e83fe7-preparation.md: run-final-cli-9e83fe7.ps1",
    "Broken repository link: final-report-9e83fe7-preparation.md: ../docs/evidence/acceptance/20261006T024719/manifest.json",
    "Broken repository link: final-report-9e83fe7-preparation.md: run-acceptance-response-sync.ps1",
    "Broken repository link: final-report-9e83fe7-preparation.md: ../SUCCESS_CRITERIA.md",
    "Broken repository link: final-report-9e83fe7-preparation.md: ../docs/acceptance-map.json",
    "Broken repository link: final-report-9e83fe7-preparation.md: ../docs/adr/0002-acceptance-attestations.md",
    "Broken repository link: final-report-9e83fe7-preparation.md: ../docs/evidence/lab-a881acf/summary.json",
    "Broken repository link: final-report-9e83fe7-preparation.md: ../docs/evidence/acceptance/20261006T012424/manifest.json",
    "Broken repository link: final-report-9e83fe7-preparation.md: ../docs/evidence/lab-a881acf/failed-case/diagnosis/trace-timing.json",
    "Broken repository link: final-report-9e83fe7-preparation.md: ../docs/evidence/lab-a881acf/response-sync-correction/reviews/synchronization-independent-review.json",
    "Broken repository link: final-report-9e83fe7-preparation.md: ../tests/browser/test_investigation.py",
    "Broken repository link: final-report-9e83fe7-preparation.md: ../docs/adr/0013-reusable-test-lifecycle.md",
    "Broken repository link: final-report-9e83fe7-preparation.md: ../docs/evidence/lab-a881acf/response-sync-correction/summary.json",
    "Broken repository link: final-report-9e83fe7-preparation.md: ../docs/evidence/lab-a881acf/response-sync-correction/inputs.json",
    "Broken repository link: final-report-9e83fe7-preparation.md: ../docs/evidence/lab-a881acf/response-sync-correction/reviews/correction-independent-review.json",
    "Broken repository link: final-report-9e83fe7-preparation.md: ../docs/evidence/lab-a881acf/response-sync-correction/root-review.json",
    "Broken repository link: final-report-9e83fe7-preparation.md: ../docs/evidence/lab-a881acf/response-sync-correction/focused/lifecycle-response-sync.xml",
    "Broken repository link: final-report-9e83fe7-preparation.md: ../docs/evidence/lab-a881acf/response-sync-correction/delayed-body/test.xml",
    "Broken repository link: final-report-9e83fe7-preparation.md: ../docs/evidence/lab-a881acf/response-sync-correction/reviews/delayed-body-root-review.json",
    "Broken repository link: final-report-9e83fe7-preparation.md: ../docs/evidence/lab-4774af5/summary.json",
    "Broken repository link: final-report-9e83fe7-preparation.md: final-report-a881acf-preparation.md",
    "Broken repository link: final-report-9e83fe7-preparation.md: ../docs/evidence/scenario-label-correction/summary.json",
    "Broken repository link: final-report-9e83fe7-preparation.md: ../docs/evidence/lab-b968586/http-loop-correction/summary.json",
    "Broken repository link: final-report-9e83fe7-preparation.md: ../docs/integration-lab-requirements.md",
    "Broken repository link: final-report-9e83fe7-preparation.md: run-manual-lab-9e83fe7.ps1",
    "Broken repository link: final-report-9e83fe7-preparation.md: manual-9e83fe7-runbook.md",
    "Broken repository link: final-report-9e83fe7-preparation.md: manual-9e83fe7-preparation.json",
    "Broken repository link: 01-design.md: ../docs/integration-lab.md",
    "Broken repository link: 01-design.md: ../docs/integration-lab-requirements.md",
    "Broken repository link: ACCEPTANCE_REPORT.md: docs/adr/0002-acceptance-attestations.md",
    "Broken repository link: ACCEPTANCE_REPORT.md: docs/evidence/acceptance/20261006T024719/manifest.json",
    "Broken repository link: ACCEPTANCE_REPORT.md: docs/evidence/acceptance/20261006T024719/setup.log",
    "Broken repository link: ACCEPTANCE_REPORT.md: docs/evidence/acceptance/20261006T024719/browser_setup.log",
    "Broken repository link: ACCEPTANCE_REPORT.md: docs/evidence/acceptance/20261006T024719/blender_version.log",
    "Broken repository link: ACCEPTANCE_REPORT.md: docs/evidence/acceptance/20261006T024719/security.log",
    "Broken repository link: ACCEPTANCE_REPORT.md: docs/evidence/acceptance/20261006T024719/tests_1.log",
    "Broken repository link: ACCEPTANCE_REPORT.md: docs/evidence/acceptance/20261006T024719/tests_2.log",
    "Broken repository link: ACCEPTANCE_REPORT.md: docs/evidence/acceptance/20261006T024719/remote.json",
    "Broken repository link: ACCEPTANCE_REPORT.md: docs/evidence/acceptance/20261006T024719/remote.json",
    "Broken repository link: ACCEPTANCE_REPORT.md: docs/evidence/acceptance/20261006T024719/drift.log",
    "Broken repository link: ACCEPTANCE_REPORT.md: docs/evidence/acceptance/20261006T024719/publication.log",
    "Broken repository link: ACCEPTANCE_REPORT.md: robotops/hkm_geometry.py",
    "Broken repository link: ACCEPTANCE_REPORT.md: blender/scripts/hkm_scene.py",
    "Broken repository link: ACCEPTANCE_REPORT.md: tests/blender/test_hkm_runtime.py",
    "Broken repository link: ACCEPTANCE_REPORT.md: robotops/robotics/catalogue-v1.json",
    "Broken repository link: ACCEPTANCE_REPORT.md: robotops/hkm_geometry.py",
    "Broken repository link: ACCEPTANCE_REPORT.md: tests/blender/test_hkm_runtime.py",
    "Broken repository link: ACCEPTANCE_REPORT.md: robotops/robotics/models.py",
    "Broken repository link: ACCEPTANCE_REPORT.md: robotops/robotics/catalogue-v1.json",
    "Broken repository link: ACCEPTANCE_REPORT.md: robotops/hkm_geometry.py",
    "Broken repository link: ACCEPTANCE_REPORT.md: robotops/demo.py",
    "Broken repository link: ACCEPTANCE_REPORT.md: robotops/robotics/selector.py",
    "Broken repository link: ACCEPTANCE_REPORT.md: tests/e2e/test_hkm_scenarios.py",
    "Broken repository link: ACCEPTANCE_REPORT.md: tests/blender/test_hkm_runtime.py",
    "Broken repository link: ACCEPTANCE_REPORT.md: robotops/robotics/selector.py",
    "Broken repository link: ACCEPTANCE_REPORT.md: robotops/brain/validation.py",
    "Broken repository link: ACCEPTANCE_REPORT.md: robotops/workflow/engine.py",
    "Broken repository link: ACCEPTANCE_REPORT.md: apps/erp_ui/app.js",
    "Broken repository link: ACCEPTANCE_REPORT.md: robotops/robotics/trajectory.py",
    "Broken repository link: ACCEPTANCE_REPORT.md: robotops/cell/hkm_execution.py",
    "Broken repository link: ACCEPTANCE_REPORT.md: blender/scripts/hkm_runtime.py",
    "Broken repository link: ACCEPTANCE_REPORT.md: robotops/robotics/trajectory.py",
    "Broken repository link: ACCEPTANCE_REPORT.md: robotops/hkm_geometry.py",
    "Broken repository link: ACCEPTANCE_REPORT.md: blender/scripts/hkm_runtime.py",
    "Broken repository link: ACCEPTANCE_REPORT.md: tests/unit/test_hkm_runtime_defenses.py",
    "Broken repository link: ACCEPTANCE_REPORT.md: robotops/hkm_geometry.py",
    "Broken repository link: ACCEPTANCE_REPORT.md: blender/scripts/hkm_runtime.py",
    "Broken repository link: ACCEPTANCE_REPORT.md: tests/blender/test_hkm_runtime.py",
    "Broken repository link: ACCEPTANCE_REPORT.md: robotops/blender/visualization.py",
    "Broken repository link: ACCEPTANCE_REPORT.md: apps/erp_ui/scene-view.js",
    "Broken repository link: ACCEPTANCE_REPORT.md: apps/erp_ui/playback.js",
    "Broken repository link: ACCEPTANCE_REPORT.md: tests/ui/playback.test.cjs",
    "Broken repository link: ACCEPTANCE_REPORT.md: robotops/domain/models.py",
    "Broken repository link: ACCEPTANCE_REPORT.md: robotops/blender/adapter.py",
    "Broken repository link: ACCEPTANCE_REPORT.md: blender/scripts/runtime.py",
    "Broken repository link: ACCEPTANCE_REPORT.md: blender/scripts/hkm_runtime.py",
    "Broken repository link: ACCEPTANCE_REPORT.md: robotops/verification/verifier.py",
    "Broken repository link: ACCEPTANCE_REPORT.md: tests/contract/test_hkm_boundaries.py",
    "Broken repository link: ACCEPTANCE_REPORT.md: robotops/observation/model.py",
    "Broken repository link: ACCEPTANCE_REPORT.md: robotops/domain/models.py",
    "Broken repository link: ACCEPTANCE_REPORT.md: tests/contract/test_hkm_boundaries.py",
    "Broken repository link: ACCEPTANCE_REPORT.md: robotops/cell/runtime.py",
    "Broken repository link: ACCEPTANCE_REPORT.md: robotops/blender/adapter.py",
    "Broken repository link: ACCEPTANCE_REPORT.md: robotops/workflow/engine.py",
    "Broken repository link: ACCEPTANCE_REPORT.md: tests/blender/test_hkm_runtime.py",
    "Broken repository link: ACCEPTANCE_REPORT.md: robotops/workflow/engine.py",
    "Broken repository link: ACCEPTANCE_REPORT.md: tests/e2e/test_hkm_scenarios.py",
    "Broken repository link: ACCEPTANCE_REPORT.md: tests/blender/test_hkm_runtime.py",
    "Broken repository link: ACCEPTANCE_REPORT.md: robotops/verification/verifier.py",
    "Broken repository link: ACCEPTANCE_REPORT.md: robotops/workflow/engine.py",
    "Broken repository link: ACCEPTANCE_REPORT.md: tests/e2e/test_hkm_scenarios.py",
    "Broken repository link: ACCEPTANCE_REPORT.md: robotops/workflow/store.py",
    "Broken repository link: ACCEPTANCE_REPORT.md: apps/api/app.py",
    "Broken repository link: ACCEPTANCE_REPORT.md: tests/e2e/test_hkm_scenarios.py",
    "Broken repository link: ACCEPTANCE_REPORT.md: robotops/cell/runtime.py",
    "Broken repository link: ACCEPTANCE_REPORT.md: robotops/workflow/engine.py",
    "Broken repository link: ACCEPTANCE_REPORT.md: tests/fixtures/legacy_v1/manifest.json",
    "Broken repository link: ACCEPTANCE_REPORT.md: tests/blender/test_hkm_runtime.py",
    "Broken repository link: ACCEPTANCE_REPORT.md: apps/erp_ui/app.js",
    "Broken repository link: ACCEPTANCE_REPORT.md: apps/erp_ui/index.html",
    "Broken repository link: ACCEPTANCE_REPORT.md: tests/ui/dashboard.test.cjs",
    "Broken repository link: ACCEPTANCE_REPORT.md: robotops/observability/metrics.py",
    "Broken repository link: ACCEPTANCE_REPORT.md: tests/e2e/test_hkm_scenarios.py",
    "Broken repository link: ACCEPTANCE_REPORT.md: apps/erp_ui/app.js",
    "Broken repository link: ACCEPTANCE_REPORT.md: apps/erp_ui/workflow-guide.js",
    "Broken repository link: ACCEPTANCE_REPORT.md: tests/ui/dashboard.test.cjs",
    "Broken repository link: ACCEPTANCE_REPORT.md: tests/ui/workflow-guide.test.cjs",
    "Broken repository link: ACCEPTANCE_REPORT.md: robotops/workflow/engine.py",
    "Broken repository link: ACCEPTANCE_REPORT.md: apps/erp_ui/playback.js",
    "Broken repository link: ACCEPTANCE_REPORT.md: apps/erp_ui/scene-view.js",
    "Broken repository link: ACCEPTANCE_REPORT.md: tests/ui/playback.test.cjs",
    "Broken repository link: ACCEPTANCE_REPORT.md: tests/blender/test_hkm_runtime.py",
    "Broken repository link: ACCEPTANCE_REPORT.md: robotops/robotics/catalogue-v1.json",
    "Broken repository link: ACCEPTANCE_REPORT.md: robotops/hkm_geometry.py",
    "Broken repository link: ACCEPTANCE_REPORT.md: blender/scripts/hkm_scene.py",
    "Broken repository link: ACCEPTANCE_REPORT.md: apps/erp_ui/scene-view.js",
    "Broken repository link: ACCEPTANCE_REPORT.md: tests/ui/playback.test.cjs",
    "Broken repository link: ACCEPTANCE_REPORT.md: docs/implementation/hkm-inspired.md",
    "Broken repository link: ACCEPTANCE_REPORT.md: docs/generated/product-tool-catalogue.md",
    "Broken repository link: ACCEPTANCE_REPORT.md: docs/adr/0010-hkm-inspired-versioned-cell.md",
    "Broken repository link: ACCEPTANCE_REPORT.md: publication/references.json",
    "Broken repository link: ACCEPTANCE_REPORT.md: apps/erp_ui/index.html",
    "Broken repository link: ACCEPTANCE_REPORT.md: tests/fixtures/legacy_v1/manifest.json",
    "Broken repository link: ACCEPTANCE_REPORT.md: tests/contract/test_legacy_revision.py",
    "Broken repository link: ACCEPTANCE_REPORT.md: docs/acceptance-map.json",
    "Broken repository link: ACCEPTANCE_REPORT.md: docs/implementation/hkm-inspired.md",
    "Broken repository link: ACCEPTANCE_REPORT.md: docs/generated/product-tool-catalogue.md",
    "Broken repository link: ACCEPTANCE_REPORT.md: docs/adr/0010-hkm-inspired-versioned-cell.md",
    "Broken repository link: ACCEPTANCE_REPORT.md: publication/diagrams.json",
    "Broken repository link: ACCEPTANCE_REPORT.md: tools/build_publication.py",
    "Broken repository link: ACCEPTANCE_REPORT.md: publication/status.json",
    "Broken repository link: ACCEPTANCE_REPORT.md: publication/references.json",
    "Broken repository link: ACCEPTANCE_REPORT.md: docs/implementation/acceptance.md",
    "Broken repository link: ACCEPTANCE_REPORT.md: GOAL.md",
    "Broken repository link: ACCEPTANCE_REPORT.md: robotops/integration/engine.py",
    "Broken repository link: ACCEPTANCE_REPORT.md: robotops/integration/store.py",
    "Broken repository link: ACCEPTANCE_REPORT.md: tests/integration/test_guided.py",
    "Broken repository link: ACCEPTANCE_REPORT.md: GOAL.md",
    "Broken repository link: ACCEPTANCE_REPORT.md: robotops/integration/engine.py",
    "Broken repository link: ACCEPTANCE_REPORT.md: robotops/integration/store.py",
    "Broken repository link: ACCEPTANCE_REPORT.md: tests/integration/test_guided.py",
    "Broken repository link: ACCEPTANCE_REPORT.md: GOAL.md",
    "Broken repository link: ACCEPTANCE_REPORT.md: robotops/integration/engine.py",
    "Broken repository link: ACCEPTANCE_REPORT.md: robotops/integration/store.py",
    "Broken repository link: ACCEPTANCE_REPORT.md: tests/integration/test_guided.py",
    "Broken repository link: ACCEPTANCE_REPORT.md: GOAL.md",
    "Broken repository link: ACCEPTANCE_REPORT.md: robotops/integration/engine.py",
    "Broken repository link: ACCEPTANCE_REPORT.md: robotops/integration/store.py",
    "Broken repository link: ACCEPTANCE_REPORT.md: tests/integration/test_guided.py",
    "Broken repository link: ACCEPTANCE_REPORT.md: tests/integration/test_guided_recovery.py",
    "Broken repository link: ACCEPTANCE_REPORT.md: GOAL.md",
    "Broken repository link: ACCEPTANCE_REPORT.md: robotops/integration/engine.py",
    "Broken repository link: ACCEPTANCE_REPORT.md: robotops/integration/store.py",
    "Broken repository link: ACCEPTANCE_REPORT.md: tests/integration/test_guided.py",
    "Broken repository link: ACCEPTANCE_REPORT.md: GOAL.md",
    "Broken repository link: ACCEPTANCE_REPORT.md: robotops/integration/engine.py",
    "Broken repository link: ACCEPTANCE_REPORT.md: robotops/integration/store.py",
    "Broken repository link: ACCEPTANCE_REPORT.md: tests/integration/test_guided.py",
    "Broken repository link: ACCEPTANCE_REPORT.md: robotops/workflow/engine.py",
    "Broken repository link: ACCEPTANCE_REPORT.md: tools/integration_demo.py",
    "Broken repository link: ACCEPTANCE_REPORT.md: tests/integration/test_demo_driver.py",
    "Broken repository link: ACCEPTANCE_REPORT.md: GOAL.md",
    "Broken repository link: ACCEPTANCE_REPORT.md: robotops/integration/engine.py",
    "Broken repository link: ACCEPTANCE_REPORT.md: robotops/integration/store.py",
    "Broken repository link: ACCEPTANCE_REPORT.md: tests/integration/test_guided.py",
    "Broken repository link: ACCEPTANCE_REPORT.md: GOAL.md",
    "Broken repository link: ACCEPTANCE_REPORT.md: robotops/integration/engine.py",
    "Broken repository link: ACCEPTANCE_REPORT.md: robotops/integration/store.py",
    "Broken repository link: ACCEPTANCE_REPORT.md: tests/integration/test_guided.py",
    "Broken repository link: ACCEPTANCE_REPORT.md: robotops/lab/transport.py",
    "Broken repository link: ACCEPTANCE_REPORT.md: robotops/lab/postgres.py",
    "Broken repository link: ACCEPTANCE_REPORT.md: robotops/lab/opcua.py",
    "Broken repository link: ACCEPTANCE_REPORT.md: robotops/lab/journal.py",
    "Broken repository link: ACCEPTANCE_REPORT.md: tests/lab/test_distributed.py",
    "Broken repository link: ACCEPTANCE_REPORT.md: tests/lab/test_guided_lab.py",
    "Broken repository link: ACCEPTANCE_REPORT.md: GOAL.md",
    "Broken repository link: ACCEPTANCE_REPORT.md: robotops/integration/engine.py",
    "Broken repository link: ACCEPTANCE_REPORT.md: robotops/integration/store.py",
    "Broken repository link: ACCEPTANCE_REPORT.md: tests/integration/test_guided.py",
    "Broken repository link: ACCEPTANCE_REPORT.md: robotops/lab/transport.py",
    "Broken repository link: ACCEPTANCE_REPORT.md: robotops/lab/postgres.py",
    "Broken repository link: ACCEPTANCE_REPORT.md: robotops/lab/opcua.py",
    "Broken repository link: ACCEPTANCE_REPORT.md: robotops/lab/journal.py",
    "Broken repository link: ACCEPTANCE_REPORT.md: tests/lab/test_distributed.py",
    "Broken repository link: ACCEPTANCE_REPORT.md: tests/lab/test_guided_lab.py",
    "Broken repository link: ACCEPTANCE_REPORT.md: GOAL.md",
    "Broken repository link: ACCEPTANCE_REPORT.md: robotops/integration/engine.py",
    "Broken repository link: ACCEPTANCE_REPORT.md: robotops/integration/store.py",
    "Broken repository link: ACCEPTANCE_REPORT.md: tests/integration/test_guided.py",
    "Broken repository link: ACCEPTANCE_REPORT.md: robotops/lab/transport.py",
    "Broken repository link: ACCEPTANCE_REPORT.md: robotops/lab/postgres.py",
    "Broken repository link: ACCEPTANCE_REPORT.md: robotops/lab/opcua.py",
    "Broken repository link: ACCEPTANCE_REPORT.md: robotops/lab/journal.py",
    "Broken repository link: ACCEPTANCE_REPORT.md: tests/lab/test_distributed.py",
    "Broken repository link: ACCEPTANCE_REPORT.md: tests/lab/test_guided_lab.py",
    "Broken repository link: ACCEPTANCE_REPORT.md: robotops/workflow/store.py",
    "Broken repository link: ACCEPTANCE_REPORT.md: GOAL.md",
    "Broken repository link: ACCEPTANCE_REPORT.md: robotops/integration/engine.py",
    "Broken repository link: ACCEPTANCE_REPORT.md: robotops/integration/store.py",
    "Broken repository link: ACCEPTANCE_REPORT.md: tests/integration/test_guided.py",
    "Broken repository link: ACCEPTANCE_REPORT.md: robotops/lab/transport.py",
    "Broken repository link: ACCEPTANCE_REPORT.md: robotops/lab/postgres.py",
    "Broken repository link: ACCEPTANCE_REPORT.md: robotops/lab/opcua.py",
    "Broken repository link: ACCEPTANCE_REPORT.md: robotops/lab/journal.py",
    "Broken repository link: ACCEPTANCE_REPORT.md: tests/lab/test_distributed.py",
    "Broken repository link: ACCEPTANCE_REPORT.md: tests/lab/test_guided_lab.py",
    "Broken repository link: ACCEPTANCE_REPORT.md: GOAL.md",
    "Broken repository link: ACCEPTANCE_REPORT.md: robotops/integration/engine.py",
    "Broken repository link: ACCEPTANCE_REPORT.md: robotops/integration/store.py",
    "Broken repository link: ACCEPTANCE_REPORT.md: tests/integration/test_guided.py",
    "Broken repository link: ACCEPTANCE_REPORT.md: robotops/lab/transport.py",
    "Broken repository link: ACCEPTANCE_REPORT.md: robotops/lab/postgres.py",
    "Broken repository link: ACCEPTANCE_REPORT.md: robotops/lab/opcua.py",
    "Broken repository link: ACCEPTANCE_REPORT.md: robotops/lab/journal.py",
    "Broken repository link: ACCEPTANCE_REPORT.md: tests/lab/test_distributed.py",
    "Broken repository link: ACCEPTANCE_REPORT.md: tests/lab/test_guided_lab.py",
    "Broken repository link: ACCEPTANCE_REPORT.md: GOAL.md",
    "Broken repository link: ACCEPTANCE_REPORT.md: robotops/integration/engine.py",
    "Broken repository link: ACCEPTANCE_REPORT.md: robotops/integration/store.py",
    "Broken repository link: ACCEPTANCE_REPORT.md: tests/integration/test_guided.py",
    "Broken repository link: ACCEPTANCE_REPORT.md: robotops/lab/transport.py",
    "Broken repository link: ACCEPTANCE_REPORT.md: robotops/lab/postgres.py",
    "Broken repository link: ACCEPTANCE_REPORT.md: robotops/lab/opcua.py",
    "Broken repository link: ACCEPTANCE_REPORT.md: robotops/lab/journal.py",
    "Broken repository link: ACCEPTANCE_REPORT.md: tests/lab/test_distributed.py",
    "Broken repository link: ACCEPTANCE_REPORT.md: tests/lab/test_guided_lab.py",
    "Broken repository link: ACCEPTANCE_REPORT.md: GOAL.md",
    "Broken repository link: ACCEPTANCE_REPORT.md: robotops/integration/engine.py",
    "Broken repository link: ACCEPTANCE_REPORT.md: robotops/integration/store.py",
    "Broken repository link: ACCEPTANCE_REPORT.md: tests/integration/test_guided.py",
    "Broken repository link: ACCEPTANCE_REPORT.md: robotops/lab/transport.py",
    "Broken repository link: ACCEPTANCE_REPORT.md: robotops/lab/postgres.py",
    "Broken repository link: ACCEPTANCE_REPORT.md: robotops/lab/opcua.py",
    "Broken repository link: ACCEPTANCE_REPORT.md: robotops/lab/journal.py",
    "Broken repository link: ACCEPTANCE_REPORT.md: tests/lab/test_distributed.py",
    "Broken repository link: ACCEPTANCE_REPORT.md: tests/lab/test_guided_lab.py",
    "Broken repository link: ACCEPTANCE_REPORT.md: tests/lab/test_browser_lab.py",
    "Broken repository link: ACCEPTANCE_REPORT.md: robotops/lab/edge.py",
    "Broken repository link: ACCEPTANCE_REPORT.md: robotops/lab/edge_rpc.py",
    "Broken repository link: ACCEPTANCE_REPORT.md: tools/lab_stack.py",
    "Broken repository link: ACCEPTANCE_REPORT.md: tests/lab/test_plc.py",
    "Broken repository link: ACCEPTANCE_REPORT.md: tests/lab/test_opc_health_probe.py",
    "Broken repository link: ACCEPTANCE_REPORT.md: GOAL.md",
    "Broken repository link: ACCEPTANCE_REPORT.md: robotops/integration/engine.py",
    "Broken repository link: ACCEPTANCE_REPORT.md: robotops/integration/store.py",
    "Broken repository link: ACCEPTANCE_REPORT.md: tests/integration/test_guided.py",
    "Broken repository link: ACCEPTANCE_REPORT.md: robotops/lab/transport.py",
    "Broken repository link: ACCEPTANCE_REPORT.md: robotops/lab/postgres.py",
    "Broken repository link: ACCEPTANCE_REPORT.md: robotops/lab/opcua.py",
    "Broken repository link: ACCEPTANCE_REPORT.md: robotops/lab/journal.py",
    "Broken repository link: ACCEPTANCE_REPORT.md: tests/lab/test_distributed.py",
    "Broken repository link: ACCEPTANCE_REPORT.md: tests/lab/test_guided_lab.py",
    "Broken repository link: ACCEPTANCE_REPORT.md: tests/lab/test_plc.py",
    "Broken repository link: ACCEPTANCE_REPORT.md: GOAL.md",
    "Broken repository link: ACCEPTANCE_REPORT.md: robotops/integration/engine.py",
    "Broken repository link: ACCEPTANCE_REPORT.md: robotops/integration/store.py",
    "Broken repository link: ACCEPTANCE_REPORT.md: tests/integration/test_guided.py",
    "Broken repository link: ACCEPTANCE_REPORT.md: robotops/lab/transport.py",
    "Broken repository link: ACCEPTANCE_REPORT.md: robotops/lab/postgres.py",
    "Broken repository link: ACCEPTANCE_REPORT.md: robotops/lab/opcua.py",
    "Broken repository link: ACCEPTANCE_REPORT.md: robotops/lab/journal.py",
    "Broken repository link: ACCEPTANCE_REPORT.md: tests/lab/test_distributed.py",
    "Broken repository link: ACCEPTANCE_REPORT.md: tests/lab/test_guided_lab.py",
    "Broken repository link: ACCEPTANCE_REPORT.md: GOAL.md",
    "Broken repository link: ACCEPTANCE_REPORT.md: robotops/integration/engine.py",
    "Broken repository link: ACCEPTANCE_REPORT.md: robotops/integration/store.py",
    "Broken repository link: ACCEPTANCE_REPORT.md: tests/integration/test_guided.py",
    "Broken repository link: ACCEPTANCE_REPORT.md: robotops/lab/transport.py",
    "Broken repository link: ACCEPTANCE_REPORT.md: robotops/lab/postgres.py",
    "Broken repository link: ACCEPTANCE_REPORT.md: robotops/lab/opcua.py",
    "Broken repository link: ACCEPTANCE_REPORT.md: robotops/lab/journal.py",
    "Broken repository link: ACCEPTANCE_REPORT.md: tests/lab/test_distributed.py",
    "Broken repository link: ACCEPTANCE_REPORT.md: tests/lab/test_guided_lab.py",
    "Broken repository link: ACCEPTANCE_REPORT.md: GOAL.md",
    "Broken repository link: ACCEPTANCE_REPORT.md: robotops/integration/engine.py",
    "Broken repository link: ACCEPTANCE_REPORT.md: robotops/integration/store.py",
    "Broken repository link: ACCEPTANCE_REPORT.md: tests/integration/test_guided.py",
    "Broken repository link: ACCEPTANCE_REPORT.md: apps/erp_ui/integration-console.js",
    "Broken repository link: ACCEPTANCE_REPORT.md: apps/erp_ui/app.js",
    "Broken repository link: ACCEPTANCE_REPORT.md: tests/browser/test_guided_console.py",
    "Broken repository link: ACCEPTANCE_REPORT.md: GOAL.md",
    "Broken repository link: ACCEPTANCE_REPORT.md: robotops/integration/engine.py",
    "Broken repository link: ACCEPTANCE_REPORT.md: robotops/integration/store.py",
    "Broken repository link: ACCEPTANCE_REPORT.md: tests/integration/test_guided.py",
    "Broken repository link: ACCEPTANCE_REPORT.md: apps/erp_ui/integration-console.js",
    "Broken repository link: ACCEPTANCE_REPORT.md: apps/erp_ui/app.js",
    "Broken repository link: ACCEPTANCE_REPORT.md: tests/browser/test_guided_console.py",
    "Broken repository link: ACCEPTANCE_REPORT.md: GOAL.md",
    "Broken repository link: ACCEPTANCE_REPORT.md: robotops/integration/engine.py",
    "Broken repository link: ACCEPTANCE_REPORT.md: robotops/integration/store.py",
    "Broken repository link: ACCEPTANCE_REPORT.md: tests/integration/test_guided.py",
    "Broken repository link: ACCEPTANCE_REPORT.md: apps/erp_ui/integration-console.js",
    "Broken repository link: ACCEPTANCE_REPORT.md: apps/erp_ui/app.js",
    "Broken repository link: ACCEPTANCE_REPORT.md: tests/browser/test_guided_console.py",
    "Broken repository link: ACCEPTANCE_REPORT.md: tests/integration/test_guided_business.py",
    "Broken repository link: ACCEPTANCE_REPORT.md: tests/lab/test_source_map.py",
    "Broken repository link: ACCEPTANCE_REPORT.md: robotops/lab/edge_rpc.py",
    "Broken repository link: ACCEPTANCE_REPORT.md: GOAL.md",
    "Broken repository link: ACCEPTANCE_REPORT.md: robotops/integration/engine.py",
    "Broken repository link: ACCEPTANCE_REPORT.md: robotops/integration/store.py",
    "Broken repository link: ACCEPTANCE_REPORT.md: tests/integration/test_guided.py",
    "Broken repository link: ACCEPTANCE_REPORT.md: apps/erp_ui/integration-console.js",
    "Broken repository link: ACCEPTANCE_REPORT.md: apps/erp_ui/app.js",
    "Broken repository link: ACCEPTANCE_REPORT.md: tests/browser/test_guided_console.py",
    "Broken repository link: ACCEPTANCE_REPORT.md: GOAL.md",
    "Broken repository link: ACCEPTANCE_REPORT.md: robotops/integration/engine.py",
    "Broken repository link: ACCEPTANCE_REPORT.md: robotops/integration/store.py",
    "Broken repository link: ACCEPTANCE_REPORT.md: tests/integration/test_guided.py",
    "Broken repository link: ACCEPTANCE_REPORT.md: apps/erp_ui/integration-console.js",
    "Broken repository link: ACCEPTANCE_REPORT.md: apps/erp_ui/app.js",
    "Broken repository link: ACCEPTANCE_REPORT.md: tests/browser/test_guided_console.py",
    "Broken repository link: ACCEPTANCE_REPORT.md: GOAL.md",
    "Broken repository link: ACCEPTANCE_REPORT.md: robotops/integration/engine.py",
    "Broken repository link: ACCEPTANCE_REPORT.md: robotops/integration/store.py",
    "Broken repository link: ACCEPTANCE_REPORT.md: tests/integration/test_guided.py",
    "Broken repository link: ACCEPTANCE_REPORT.md: apps/erp_ui/integration-console.js",
    "Broken repository link: ACCEPTANCE_REPORT.md: apps/erp_ui/app.js",
    "Broken repository link: ACCEPTANCE_REPORT.md: tests/browser/test_guided_console.py",
    "Broken repository link: ACCEPTANCE_REPORT.md: GOAL.md",
    "Broken repository link: ACCEPTANCE_REPORT.md: robotops/integration/engine.py",
    "Broken repository link: ACCEPTANCE_REPORT.md: robotops/integration/store.py",
    "Broken repository link: ACCEPTANCE_REPORT.md: tests/integration/test_guided.py",
    "Broken repository link: ACCEPTANCE_REPORT.md: apps/erp_ui/integration-console.js",
    "Broken repository link: ACCEPTANCE_REPORT.md: apps/erp_ui/app.js",
    "Broken repository link: ACCEPTANCE_REPORT.md: tests/browser/test_guided_console.py",
    "Broken repository link: ACCEPTANCE_REPORT.md: GOAL.md",
    "Broken repository link: ACCEPTANCE_REPORT.md: robotops/integration/engine.py",
    "Broken repository link: ACCEPTANCE_REPORT.md: robotops/integration/store.py",
    "Broken repository link: ACCEPTANCE_REPORT.md: tests/integration/test_guided.py",
    "Broken repository link: ACCEPTANCE_REPORT.md: apps/erp_ui/integration-console.js",
    "Broken repository link: ACCEPTANCE_REPORT.md: apps/erp_ui/app.js",
    "Broken repository link: ACCEPTANCE_REPORT.md: tests/browser/test_guided_console.py",
    "Broken repository link: ACCEPTANCE_REPORT.md: GOAL.md",
    "Broken repository link: ACCEPTANCE_REPORT.md: robotops/integration/engine.py",
    "Broken repository link: ACCEPTANCE_REPORT.md: robotops/integration/store.py",
    "Broken repository link: ACCEPTANCE_REPORT.md: tests/integration/test_guided.py",
    "Broken repository link: ACCEPTANCE_REPORT.md: apps/erp_ui/integration-console.js",
    "Broken repository link: ACCEPTANCE_REPORT.md: apps/erp_ui/app.js",
    "Broken repository link: ACCEPTANCE_REPORT.md: tests/browser/test_guided_console.py",
    "Broken repository link: ACCEPTANCE_REPORT.md: apps/api/guided.py",
    "Broken repository link: ACCEPTANCE_REPORT.md: robotops/workflow/store.py",
    "Broken repository link: ACCEPTANCE_REPORT.md: tests/integration/test_guided_readonly.py",
    "Broken repository link: ACCEPTANCE_REPORT.md: GOAL.md",
    "Broken repository link: ACCEPTANCE_REPORT.md: robotops/integration/engine.py",
    "Broken repository link: ACCEPTANCE_REPORT.md: robotops/integration/store.py",
    "Broken repository link: ACCEPTANCE_REPORT.md: tests/integration/test_guided.py",
    "Broken repository link: ACCEPTANCE_REPORT.md: robotops/lab/transport.py",
    "Broken repository link: ACCEPTANCE_REPORT.md: robotops/lab/postgres.py",
    "Broken repository link: ACCEPTANCE_REPORT.md: robotops/lab/opcua.py",
    "Broken repository link: ACCEPTANCE_REPORT.md: robotops/lab/journal.py",
    "Broken repository link: ACCEPTANCE_REPORT.md: tests/lab/test_distributed.py",
    "Broken repository link: ACCEPTANCE_REPORT.md: tests/lab/test_guided_lab.py",
    "Broken repository link: ACCEPTANCE_REPORT.md: GOAL.md",
    "Broken repository link: ACCEPTANCE_REPORT.md: robotops/integration/engine.py",
    "Broken repository link: ACCEPTANCE_REPORT.md: robotops/integration/store.py",
    "Broken repository link: ACCEPTANCE_REPORT.md: tests/integration/test_guided.py",
    "Broken repository link: ACCEPTANCE_REPORT.md: robotops/lab/transport.py",
    "Broken repository link: ACCEPTANCE_REPORT.md: robotops/lab/postgres.py",
    "Broken repository link: ACCEPTANCE_REPORT.md: robotops/lab/opcua.py",
    "Broken repository link: ACCEPTANCE_REPORT.md: robotops/lab/journal.py",
    "Broken repository link: ACCEPTANCE_REPORT.md: tests/lab/test_distributed.py",
    "Broken repository link: ACCEPTANCE_REPORT.md: tests/lab/test_guided_lab.py",
    "Broken repository link: ACCEPTANCE_REPORT.md: GOAL.md",
    "Broken repository link: ACCEPTANCE_REPORT.md: robotops/integration/engine.py",
    "Broken repository link: ACCEPTANCE_REPORT.md: robotops/integration/store.py",
    "Broken repository link: ACCEPTANCE_REPORT.md: tests/integration/test_guided.py",
    "Broken repository link: ACCEPTANCE_REPORT.md: robotops/lab/transport.py",
    "Broken repository link: ACCEPTANCE_REPORT.md: robotops/lab/postgres.py",
    "Broken repository link: ACCEPTANCE_REPORT.md: robotops/lab/opcua.py",
    "Broken repository link: ACCEPTANCE_REPORT.md: robotops/lab/journal.py",
    "Broken repository link: ACCEPTANCE_REPORT.md: tests/lab/test_distributed.py",
    "Broken repository link: ACCEPTANCE_REPORT.md: tests/lab/test_guided_lab.py",
    "Broken repository link: ACCEPTANCE_REPORT.md: GOAL.md",
    "Broken repository link: ACCEPTANCE_REPORT.md: robotops/integration/engine.py",
    "Broken repository link: ACCEPTANCE_REPORT.md: robotops/integration/store.py",
    "Broken repository link: ACCEPTANCE_REPORT.md: tests/integration/test_guided.py",
    "Broken repository link: ACCEPTANCE_REPORT.md: robotops/lab/transport.py",
    "Broken repository link: ACCEPTANCE_REPORT.md: robotops/lab/postgres.py",
    "Broken repository link: ACCEPTANCE_REPORT.md: robotops/lab/opcua.py",
    "Broken repository link: ACCEPTANCE_REPORT.md: robotops/lab/journal.py",
    "Broken repository link: ACCEPTANCE_REPORT.md: tests/lab/test_distributed.py",
    "Broken repository link: ACCEPTANCE_REPORT.md: tests/lab/test_guided_lab.py",
    "Broken repository link: ACCEPTANCE_REPORT.md: tests/lab/test_guided_boot_recovery.py",
    "Broken repository link: ACCEPTANCE_REPORT.md: tests/lab/test_plc.py",
    "Broken repository link: ACCEPTANCE_REPORT.md: tests/lab/test_plc_process_restart.py",
    "Broken repository link: ACCEPTANCE_REPORT.md: tests/lab/test_opc_health_probe.py",
    "Broken repository link: ACCEPTANCE_REPORT.md: robotops/lab/edge.py",
    "Broken repository link: ACCEPTANCE_REPORT.md: GOAL.md",
    "Broken repository link: ACCEPTANCE_REPORT.md: robotops/integration/engine.py",
    "Broken repository link: ACCEPTANCE_REPORT.md: robotops/integration/store.py",
    "Broken repository link: ACCEPTANCE_REPORT.md: tests/integration/test_guided.py",
    "Broken repository link: ACCEPTANCE_REPORT.md: robotops/lab/transport.py",
    "Broken repository link: ACCEPTANCE_REPORT.md: robotops/lab/postgres.py",
    "Broken repository link: ACCEPTANCE_REPORT.md: robotops/lab/opcua.py",
    "Broken repository link: ACCEPTANCE_REPORT.md: robotops/lab/journal.py",
    "Broken repository link: ACCEPTANCE_REPORT.md: tests/lab/test_distributed.py",
    "Broken repository link: ACCEPTANCE_REPORT.md: tests/lab/test_guided_lab.py",
    "Broken repository link: ACCEPTANCE_REPORT.md: GOAL.md",
    "Broken repository link: ACCEPTANCE_REPORT.md: robotops/integration/engine.py",
    "Broken repository link: ACCEPTANCE_REPORT.md: robotops/integration/store.py",
    "Broken repository link: ACCEPTANCE_REPORT.md: tests/integration/test_guided.py",
    "Broken repository link: ACCEPTANCE_REPORT.md: robotops/lab/transport.py",
    "Broken repository link: ACCEPTANCE_REPORT.md: robotops/lab/postgres.py",
    "Broken repository link: ACCEPTANCE_REPORT.md: robotops/lab/opcua.py",
    "Broken repository link: ACCEPTANCE_REPORT.md: robotops/lab/journal.py",
    "Broken repository link: ACCEPTANCE_REPORT.md: tests/lab/test_distributed.py",
    "Broken repository link: ACCEPTANCE_REPORT.md: tests/lab/test_guided_lab.py",
    "Broken repository link: ACCEPTANCE_REPORT.md: tests/integration/test_guided_business.py",
    "Broken repository link: ACCEPTANCE_REPORT.md: robotops/lab/business.py",
    "Broken repository link: ACCEPTANCE_REPORT.md: GOAL.md",
    "Broken repository link: ACCEPTANCE_REPORT.md: robotops/integration/engine.py",
    "Broken repository link: ACCEPTANCE_REPORT.md: robotops/integration/store.py",
    "Broken repository link: ACCEPTANCE_REPORT.md: tests/integration/test_guided.py",
    "Broken repository link: ACCEPTANCE_REPORT.md: robotops/lab/transport.py",
    "Broken repository link: ACCEPTANCE_REPORT.md: robotops/lab/postgres.py",
    "Broken repository link: ACCEPTANCE_REPORT.md: robotops/lab/opcua.py",
    "Broken repository link: ACCEPTANCE_REPORT.md: robotops/lab/journal.py",
    "Broken repository link: ACCEPTANCE_REPORT.md: tests/lab/test_distributed.py",
    "Broken repository link: ACCEPTANCE_REPORT.md: tests/lab/test_guided_lab.py",
    "Broken repository link: ACCEPTANCE_REPORT.md: GOAL.md",
    "Broken repository link: ACCEPTANCE_REPORT.md: robotops/integration/engine.py",
    "Broken repository link: ACCEPTANCE_REPORT.md: robotops/integration/store.py",
    "Broken repository link: ACCEPTANCE_REPORT.md: tests/integration/test_guided.py",
    "Broken repository link: ACCEPTANCE_REPORT.md: robotops/lab/transport.py",
    "Broken repository link: ACCEPTANCE_REPORT.md: robotops/lab/postgres.py",
    "Broken repository link: ACCEPTANCE_REPORT.md: robotops/lab/opcua.py",
    "Broken repository link: ACCEPTANCE_REPORT.md: robotops/lab/journal.py",
    "Broken repository link: ACCEPTANCE_REPORT.md: tests/lab/test_distributed.py",
    "Broken repository link: ACCEPTANCE_REPORT.md: tests/lab/test_guided_lab.py",
    "Broken repository link: ACCEPTANCE_REPORT.md: GOAL.md",
    "Broken repository link: ACCEPTANCE_REPORT.md: robotops/integration/engine.py",
    "Broken repository link: ACCEPTANCE_REPORT.md: robotops/integration/store.py",
    "Broken repository link: ACCEPTANCE_REPORT.md: tests/integration/test_guided.py",
    "Broken repository link: ACCEPTANCE_REPORT.md: GOAL.md",
    "Broken repository link: ACCEPTANCE_REPORT.md: robotops/integration/engine.py",
    "Broken repository link: ACCEPTANCE_REPORT.md: robotops/integration/store.py",
    "Broken repository link: ACCEPTANCE_REPORT.md: tests/integration/test_guided.py",
    "Broken repository link: ACCEPTANCE_REPORT.md: robotops/lab/transport.py",
    "Broken repository link: ACCEPTANCE_REPORT.md: robotops/lab/postgres.py",
    "Broken repository link: ACCEPTANCE_REPORT.md: robotops/lab/opcua.py",
    "Broken repository link: ACCEPTANCE_REPORT.md: robotops/lab/journal.py",
    "Broken repository link: ACCEPTANCE_REPORT.md: tests/lab/test_distributed.py",
    "Broken repository link: ACCEPTANCE_REPORT.md: tests/lab/test_guided_lab.py",
    "Broken repository link: ACCEPTANCE_REPORT.md: tests/lab/test_browser_lab.py",
    "Broken repository link: ACCEPTANCE_REPORT.md: robotops/lab/edge.py",
    "Broken repository link: ACCEPTANCE_REPORT.md: robotops/lab/edge_rpc.py",
    "Broken repository link: ACCEPTANCE_REPORT.md: tools/lab_stack.py",
    "Broken repository link: ACCEPTANCE_REPORT.md: GOAL.md",
    "Broken repository link: ACCEPTANCE_REPORT.md: robotops/integration/engine.py",
    "Broken repository link: ACCEPTANCE_REPORT.md: robotops/integration/store.py",
    "Broken repository link: ACCEPTANCE_REPORT.md: tests/integration/test_guided.py",
    "Broken repository link: ACCEPTANCE_REPORT.md: apps/erp_ui/integration-console.js",
    "Broken repository link: ACCEPTANCE_REPORT.md: apps/erp_ui/app.js",
    "Broken repository link: ACCEPTANCE_REPORT.md: tests/browser/test_guided_console.py",
    "Broken repository link: ACCEPTANCE_REPORT.md: tests/lab/test_browser_lab.py",
    "Broken repository link: ACCEPTANCE_REPORT.md: robotops/lab/edge.py",
    "Broken repository link: ACCEPTANCE_REPORT.md: robotops/lab/edge_rpc.py",
    "Broken repository link: ACCEPTANCE_REPORT.md: tools/lab_stack.py",
    "Broken repository link: ACCEPTANCE_REPORT.md: GOAL.md",
    "Broken repository link: ACCEPTANCE_REPORT.md: robotops/integration/engine.py",
    "Broken repository link: ACCEPTANCE_REPORT.md: robotops/integration/store.py",
    "Broken repository link: ACCEPTANCE_REPORT.md: tests/integration/test_guided.py",
    "Broken repository link: ACCEPTANCE_REPORT.md: apps/erp_ui/integration-console.js",
    "Broken repository link: ACCEPTANCE_REPORT.md: apps/erp_ui/app.js",
    "Broken repository link: ACCEPTANCE_REPORT.md: tests/browser/test_guided_console.py",
    "Broken repository link: ACCEPTANCE_REPORT.md: tests/lab/test_browser_lab.py",
    "Broken repository link: ACCEPTANCE_REPORT.md: robotops/lab/edge.py",
    "Broken repository link: ACCEPTANCE_REPORT.md: robotops/lab/edge_rpc.py",
    "Broken repository link: ACCEPTANCE_REPORT.md: tools/lab_stack.py",
    "Broken repository link: ACCEPTANCE_REPORT.md: GOAL.md",
    "Broken repository link: ACCEPTANCE_REPORT.md: robotops/integration/engine.py",
    "Broken repository link: ACCEPTANCE_REPORT.md: robotops/integration/store.py",
    "Broken repository link: ACCEPTANCE_REPORT.md: tests/integration/test_guided.py",
    "Broken repository link: ACCEPTANCE_REPORT.md: apps/erp_ui/integration-console.js",
    "Broken repository link: ACCEPTANCE_REPORT.md: apps/erp_ui/app.js",
    "Broken repository link: ACCEPTANCE_REPORT.md: tests/browser/test_guided_console.py",
    "Broken repository link: ACCEPTANCE_REPORT.md: GOAL.md",
    "Broken repository link: ACCEPTANCE_REPORT.md: robotops/integration/engine.py",
    "Broken repository link: ACCEPTANCE_REPORT.md: robotops/integration/store.py",
    "Broken repository link: ACCEPTANCE_REPORT.md: tests/integration/test_guided.py",
    "Broken repository link: ACCEPTANCE_REPORT.md: tests/integration/test_guided_recovery.py",
    "Broken repository link: ACCEPTANCE_REPORT.md: GOAL.md",
    "Broken repository link: ACCEPTANCE_REPORT.md: robotops/integration/engine.py",
    "Broken repository link: ACCEPTANCE_REPORT.md: robotops/integration/store.py",
    "Broken repository link: ACCEPTANCE_REPORT.md: tests/integration/test_guided.py",
    "Broken repository link: ACCEPTANCE_REPORT.md: robotops/lab/transport.py",
    "Broken repository link: ACCEPTANCE_REPORT.md: robotops/lab/postgres.py",
    "Broken repository link: ACCEPTANCE_REPORT.md: robotops/lab/opcua.py",
    "Broken repository link: ACCEPTANCE_REPORT.md: robotops/lab/journal.py",
    "Broken repository link: ACCEPTANCE_REPORT.md: tests/lab/test_distributed.py",
    "Broken repository link: ACCEPTANCE_REPORT.md: tests/lab/test_guided_lab.py",
    "Broken repository link: ACCEPTANCE_REPORT.md: GOAL.md",
    "Broken repository link: ACCEPTANCE_REPORT.md: robotops/integration/engine.py",
    "Broken repository link: ACCEPTANCE_REPORT.md: robotops/integration/store.py",
    "Broken repository link: ACCEPTANCE_REPORT.md: tests/integration/test_guided.py",
    "Broken repository link: ACCEPTANCE_REPORT.md: GOAL.md",
    "Broken repository link: ACCEPTANCE_REPORT.md: robotops/integration/engine.py",
    "Broken repository link: ACCEPTANCE_REPORT.md: robotops/integration/store.py",
    "Broken repository link: ACCEPTANCE_REPORT.md: tests/integration/test_guided.py",
    "Broken repository link: ACCEPTANCE_REPORT.md: GOAL.md",
    "Broken repository link: ACCEPTANCE_REPORT.md: robotops/integration/engine.py",
    "Broken repository link: ACCEPTANCE_REPORT.md: robotops/integration/store.py",
    "Broken repository link: ACCEPTANCE_REPORT.md: tests/integration/test_guided.py",
    "Broken repository link: ACCEPTANCE_REPORT.md: robotops/lab/transport.py",
    "Broken repository link: ACCEPTANCE_REPORT.md: robotops/lab/postgres.py",
    "Broken repository link: ACCEPTANCE_REPORT.md: robotops/lab/opcua.py",
    "Broken repository link: ACCEPTANCE_REPORT.md: robotops/lab/journal.py",
    "Broken repository link: ACCEPTANCE_REPORT.md: tests/lab/test_distributed.py",
    "Broken repository link: ACCEPTANCE_REPORT.md: tests/lab/test_guided_lab.py",
    "Broken repository link: ACCEPTANCE_REPORT.md: .github/workflows/ci.yml",
    "Broken repository link: ACCEPTANCE_REPORT.md: GOAL.md",
    "Broken repository link: ACCEPTANCE_REPORT.md: robotops/integration/engine.py",
    "Broken repository link: ACCEPTANCE_REPORT.md: robotops/integration/store.py",
    "Broken repository link: ACCEPTANCE_REPORT.md: tests/integration/test_guided.py",
    "Broken repository link: ACCEPTANCE_REPORT.md: robotops/lab/transport.py",
    "Broken repository link: ACCEPTANCE_REPORT.md: robotops/lab/postgres.py",
    "Broken repository link: ACCEPTANCE_REPORT.md: robotops/lab/opcua.py",
    "Broken repository link: ACCEPTANCE_REPORT.md: robotops/lab/journal.py",
    "Broken repository link: ACCEPTANCE_REPORT.md: tests/lab/test_distributed.py",
    "Broken repository link: ACCEPTANCE_REPORT.md: tests/lab/test_guided_lab.py",
    "Broken repository link: ACCEPTANCE_REPORT.md: tests/lab/test_browser_lab.py",
    "Broken repository link: ACCEPTANCE_REPORT.md: robotops/lab/edge.py",
    "Broken repository link: ACCEPTANCE_REPORT.md: robotops/lab/edge_rpc.py",
    "Broken repository link: ACCEPTANCE_REPORT.md: tools/lab_stack.py",
    "Broken repository link: ACCEPTANCE_REPORT.md: compose.yaml",
    "Broken repository link: ACCEPTANCE_REPORT.md: docs/integration-lab.md",
    "Broken repository link: ACCEPTANCE_REPORT.md: docs/integration-lab-native.md",
    "Broken repository link: ACCEPTANCE_REPORT.md: tools/lab-services.ps1",
    "Broken repository link: ACCEPTANCE_REPORT.md: robotops/lab/__main__.py",
    "Broken repository link: ACCEPTANCE_REPORT.md: GOAL.md",
    "Broken repository link: ACCEPTANCE_REPORT.md: robotops/integration/engine.py",
    "Broken repository link: ACCEPTANCE_REPORT.md: robotops/integration/store.py",
    "Broken repository link: ACCEPTANCE_REPORT.md: tests/integration/test_guided.py",
    "Broken repository link: ACCEPTANCE_REPORT.md: docs/integration-lab.md",
    "Broken repository link: ACCEPTANCE_REPORT.md: tools/integration_demo.py",
    "Broken repository link: ACCEPTANCE_REPORT.md: tests/integration/test_demo_driver.py",
    "Broken repository link: ACCEPTANCE_REPORT.md: docs/integration-lab-native.md",
    "Broken repository link: ACCEPTANCE_REPORT.md: GOAL.md",
    "Broken repository link: ACCEPTANCE_REPORT.md: robotops/integration/engine.py",
    "Broken repository link: ACCEPTANCE_REPORT.md: robotops/integration/store.py",
    "Broken repository link: ACCEPTANCE_REPORT.md: tests/integration/test_guided.py",
    "Broken repository link: ACCEPTANCE_REPORT.md: docs/integration-lab.md",
    "Broken repository link: ACCEPTANCE_REPORT.md: tools/integration_demo.py",
    "Broken repository link: ACCEPTANCE_REPORT.md: tests/integration/test_demo_driver.py",
    "Broken repository link: ACCEPTANCE_REPORT.md: docs/integration-lab-native.md",
    "Broken repository link: ACCEPTANCE_REPORT.md: GOAL.md",
    "Broken repository link: ACCEPTANCE_REPORT.md: robotops/integration/engine.py",
    "Broken repository link: ACCEPTANCE_REPORT.md: robotops/integration/store.py",
    "Broken repository link: ACCEPTANCE_REPORT.md: tests/integration/test_guided.py",
    "Broken repository link: ACCEPTANCE_REPORT.md: docs/integration-lab.md",
    "Broken repository link: ACCEPTANCE_REPORT.md: tools/integration_demo.py",
    "Broken repository link: ACCEPTANCE_REPORT.md: tests/integration/test_demo_driver.py",
    "Broken repository link: ACCEPTANCE_REPORT.md: docs/integration-lab-native.md",
    "Broken repository link: ACCEPTANCE_REPORT.md: GOAL.md",
    "Broken repository link: ACCEPTANCE_REPORT.md: robotops/integration/engine.py",
    "Broken repository link: ACCEPTANCE_REPORT.md: robotops/integration/store.py",
    "Broken repository link: ACCEPTANCE_REPORT.md: tests/integration/test_guided.py",
    "Broken repository link: ACCEPTANCE_REPORT.md: docs/integration-lab.md",
    "Broken repository link: ACCEPTANCE_REPORT.md: tools/integration_demo.py",
    "Broken repository link: ACCEPTANCE_REPORT.md: tests/integration/test_demo_driver.py",
    "Broken repository link: ACCEPTANCE_REPORT.md: docs/integration-lab-native.md",
    "Broken repository link: ACCEPTANCE_REPORT.md: GOAL.md",
    "Broken repository link: ACCEPTANCE_REPORT.md: robotops/integration/engine.py",
    "Broken repository link: ACCEPTANCE_REPORT.md: robotops/integration/store.py",
    "Broken repository link: ACCEPTANCE_REPORT.md: tests/integration/test_guided.py",
    "Broken repository link: ACCEPTANCE_REPORT.md: docs/integration-lab.md",
    "Broken repository link: ACCEPTANCE_REPORT.md: tools/integration_demo.py",
    "Broken repository link: ACCEPTANCE_REPORT.md: tests/integration/test_demo_driver.py",
    "Broken repository link: ACCEPTANCE_REPORT.md: GOAL.md",
    "Broken repository link: ACCEPTANCE_REPORT.md: robotops/integration/engine.py",
    "Broken repository link: ACCEPTANCE_REPORT.md: robotops/integration/store.py",
    "Broken repository link: ACCEPTANCE_REPORT.md: tests/integration/test_guided.py",
    "Broken repository link: ACCEPTANCE_REPORT.md: docs/integration-lab.md",
    "Broken repository link: ACCEPTANCE_REPORT.md: tools/integration_demo.py",
    "Broken repository link: ACCEPTANCE_REPORT.md: tests/integration/test_demo_driver.py",
    "Broken repository link: ACCEPTANCE_REPORT.md: tools/acceptance.py",
    "Broken repository link: ACCEPTANCE_REPORT.md: docs/acceptance-map.json",
    "Broken repository link: ACCEPTANCE_REPORT.md: docs/implementation/acceptance.md",
    "Broken repository link: ACCEPTANCE_REPORT.md: tools/acceptance.py",
    "Broken repository link: ACCEPTANCE_REPORT.md: docs/acceptance-map.json",
    "Broken repository link: ACCEPTANCE_REPORT.md: docs/implementation/acceptance.md",
    "Broken repository link: ACCEPTANCE_REPORT.md: tools/acceptance.py",
    "Broken repository link: ACCEPTANCE_REPORT.md: docs/acceptance-map.json",
    "Broken repository link: ACCEPTANCE_REPORT.md: docs/implementation/acceptance.md",
    "Broken repository link: ACCEPTANCE_REPORT.md: tools/acceptance.py",
    "Broken repository link: ACCEPTANCE_REPORT.md: docs/acceptance-map.json",
    "Broken repository link: ACCEPTANCE_REPORT.md: docs/implementation/acceptance.md",
    "Broken repository link: ACCEPTANCE_REPORT.md: tools/acceptance.py",
    "Broken repository link: ACCEPTANCE_REPORT.md: tools/acceptance.py",
    "Broken repository link: ACCEPTANCE_REPORT.md: docs/acceptance-map.json",
    "Broken repository link: ACCEPTANCE_REPORT.md: docs/implementation/acceptance.md",
    "Broken repository link: ACCEPTANCE_REPORT.md: robotops/domain/ports.py",
    "Broken repository link: ACCEPTANCE_REPORT.md: publication/diagrams.json",
    "Broken repository link: ACCEPTANCE_REPORT.md: docs/implementation/contracts.md",
    "Broken repository link: ACCEPTANCE_REPORT.md: robotops/domain/ports.py",
    "Broken repository link: ACCEPTANCE_REPORT.md: publication/diagrams.json",
    "Broken repository link: ACCEPTANCE_REPORT.md: docs/implementation/contracts.md",
    "Broken repository link: ACCEPTANCE_REPORT.md: reports/01-design.md",
    "Broken repository link: ACCEPTANCE_REPORT.md: reports/02-avgransning.md",
    "Broken repository link: ACCEPTANCE_REPORT.md: reports/03-diskussion.md",
    "Broken repository link: ACCEPTANCE_REPORT.md: publication/references.json",
    "Broken repository link: ACCEPTANCE_REPORT.md: publication/diagrams.json",
    "Broken repository link: ACCEPTANCE_REPORT.md: blender/scripts/runtime.py",
    "Broken repository link: ACCEPTANCE_REPORT.md: robotops/blender/adapter.py",
    "Broken repository link: ACCEPTANCE_REPORT.md: docs/evidence/p4-blender-lost-ack.png",
    "Broken repository link: ACCEPTANCE_REPORT.md: blender/scripts/runtime.py",
    "Broken repository link: ACCEPTANCE_REPORT.md: robotops/blender/adapter.py",
    "Broken repository link: ACCEPTANCE_REPORT.md: docs/evidence/p4-blender-lost-ack.png",
    "Broken repository link: ACCEPTANCE_REPORT.md: blender/scripts/runtime.py",
    "Broken repository link: ACCEPTANCE_REPORT.md: robotops/blender/adapter.py",
    "Broken repository link: ACCEPTANCE_REPORT.md: docs/evidence/p4-blender-lost-ack.png",
    "Broken repository link: ACCEPTANCE_REPORT.md: docs/implementation/playback.md",
    "Broken repository link: ACCEPTANCE_REPORT.md: tests/blender/test_playback.py",
    "Broken repository link: ACCEPTANCE_REPORT.md: robotops/scene_geometry.py",
    "Broken repository link: ACCEPTANCE_REPORT.md: docs/adr/0004-full-3d-scenario-replay.md",
    "Broken repository link: ACCEPTANCE_REPORT.md: blender/scripts/runtime.py",
    "Broken repository link: ACCEPTANCE_REPORT.md: robotops/blender/adapter.py",
    "Broken repository link: ACCEPTANCE_REPORT.md: docs/evidence/p4-blender-lost-ack.png",
    "Broken repository link: ACCEPTANCE_REPORT.md: robotops/blender/adapter.py",
    "Broken repository link: ACCEPTANCE_REPORT.md: docs/security-exceptions.json",
    "Broken repository link: ACCEPTANCE_REPORT.md: docs/implementation/blender.md",
    "Broken repository link: ACCEPTANCE_REPORT.md: reports/01-design.md",
    "Broken repository link: ACCEPTANCE_REPORT.md: reports/02-avgransning.md",
    "Broken repository link: ACCEPTANCE_REPORT.md: reports/03-diskussion.md",
    "Broken repository link: ACCEPTANCE_REPORT.md: publication/references.json",
    "Broken repository link: ACCEPTANCE_REPORT.md: publication/diagrams.json",
    "Broken repository link: ACCEPTANCE_REPORT.md: robotops/brain/deterministic.py",
    "Broken repository link: ACCEPTANCE_REPORT.md: robotops/domain/ports.py",
    "Broken repository link: ACCEPTANCE_REPORT.md: robotops/brain/validation.py",
    "Broken repository link: ACCEPTANCE_REPORT.md: robotops/workflow/engine.py",
    "Broken repository link: ACCEPTANCE_REPORT.md: robotops/brain/deterministic.py",
    "Broken repository link: ACCEPTANCE_REPORT.md: robotops/domain/ports.py",
    "Broken repository link: ACCEPTANCE_REPORT.md: robotops/brain/deterministic.py",
    "Broken repository link: ACCEPTANCE_REPORT.md: robotops/domain/ports.py",
    "Broken repository link: ACCEPTANCE_REPORT.md: robotops/domain/models.py",
    "Broken repository link: ACCEPTANCE_REPORT.md: contracts/schemas/RobotCommand.json",
    "Broken repository link: ACCEPTANCE_REPORT.md: contracts/schemas/WorldObservation.json",
    "Broken repository link: ACCEPTANCE_REPORT.md: robotops/domain/models.py",
    "Broken repository link: ACCEPTANCE_REPORT.md: contracts/schemas/RobotCommand.json",
    "Broken repository link: ACCEPTANCE_REPORT.md: contracts/schemas/WorldObservation.json",
    "Broken repository link: ACCEPTANCE_REPORT.md: robotops/domain/models.py",
    "Broken repository link: ACCEPTANCE_REPORT.md: contracts/schemas/RobotCommand.json",
    "Broken repository link: ACCEPTANCE_REPORT.md: contracts/schemas/WorldObservation.json",
    "Broken repository link: ACCEPTANCE_REPORT.md: tests/e2e/test_workflow.py",
    "Broken repository link: ACCEPTANCE_REPORT.md: robotops/workflow/store.py",
    "Broken repository link: ACCEPTANCE_REPORT.md: contracts/openapi.json",
    "Broken repository link: ACCEPTANCE_REPORT.md: .github/workflows/ci.yml",
    "Broken repository link: ACCEPTANCE_REPORT.md: robotops/demo.py",
    "Broken repository link: ACCEPTANCE_REPORT.md: tests/e2e/test_workflow.py",
    "Broken repository link: ACCEPTANCE_REPORT.md: tests/blender/test_blender_runtime.py",
    "Broken repository link: ACCEPTANCE_REPORT.md: docs/implementation/reconciliation.md",
    "Broken repository link: ACCEPTANCE_REPORT.md: robotops/observability/metrics.py",
    "Broken repository link: ACCEPTANCE_REPORT.md: apps/erp_ui/index.html",
    "Broken repository link: ACCEPTANCE_REPORT.md: apps/erp_ui/app.js",
    "Broken repository link: ACCEPTANCE_REPORT.md: docs/evidence/p5-browser-evidence.json",
    "Broken repository link: ACCEPTANCE_REPORT.md: docs/evidence/ui-p5-completed.png",
    "Broken repository link: ACCEPTANCE_REPORT.md: apps/desktop/backend.py",
    "Broken repository link: ACCEPTANCE_REPORT.md: tests/integration/test_desktop_backend.py",
    "Broken repository link: ACCEPTANCE_REPORT.md: docs/implementation/desktop.md",
    "Broken repository link: ACCEPTANCE_REPORT.md: docs/evidence/desktop-launcher.json",
    "Broken repository link: ACCEPTANCE_REPORT.md: docs/evidence/desktop-window-lost-ack.png",
    "Broken repository link: ACCEPTANCE_REPORT.md: docs/implementation/playback.md",
    "Broken repository link: ACCEPTANCE_REPORT.md: tests/blender/test_playback.py",
    "Broken repository link: ACCEPTANCE_REPORT.md: robotops/scene_geometry.py",
    "Broken repository link: ACCEPTANCE_REPORT.md: docs/adr/0004-full-3d-scenario-replay.md",
    "Broken repository link: ACCEPTANCE_REPORT.md: apps/api/test_sessions.py",
    "Broken repository link: ACCEPTANCE_REPORT.md: tests/integration/test_simulation_tests.py",
    "Broken repository link: ACCEPTANCE_REPORT.md: docs/adr/0007-independent-simulation-tests.md",
    "Broken repository link: ACCEPTANCE_REPORT.md: docs/evidence/test-lifecycle-local.json",
    "Broken repository link: ACCEPTANCE_REPORT.md: tests/e2e/test_reobservation.py",
    "Broken repository link: ACCEPTANCE_REPORT.md: docs/adr/0008-explicit-reobservation-after-intervention.md",
    "Broken repository link: ACCEPTANCE_REPORT.md: apps/erp_ui/workflow-guide.js",
    "Broken repository link: ACCEPTANCE_REPORT.md: apps/erp_ui/theme.css",
    "Broken repository link: ACCEPTANCE_REPORT.md: tests/ui/workflow-guide.test.cjs",
    "Broken repository link: ACCEPTANCE_REPORT.md: tests/ui/dashboard.test.cjs",
    "Broken repository link: ACCEPTANCE_REPORT.md: docs/adr/0009-guided-simulation-workflow.md",
    "Broken repository link: ACCEPTANCE_REPORT.md: docs/evidence/guided-workflow-local.json",
    "Broken repository link: ACCEPTANCE_REPORT.md: docs/implementation/scenarios.md",
    "Broken repository link: ACCEPTANCE_REPORT.md: docs/evidence/scenario-help-local.json",
    "Broken repository link: ACCEPTANCE_REPORT.md: tests/integration/test_test_management.py",
    "Broken repository link: ACCEPTANCE_REPORT.md: tests/browser/test_investigation.py",
    "Broken repository link: ACCEPTANCE_REPORT.md: docs/adr/0013-reusable-test-lifecycle.md",
    "Broken repository link: ACCEPTANCE_REPORT.md: robotops/brain/deterministic.py",
    "Broken repository link: ACCEPTANCE_REPORT.md: robotops/domain/ports.py",
    "Broken repository link: ACCEPTANCE_REPORT.md: reports/01-design.md",
    "Broken repository link: ACCEPTANCE_REPORT.md: reports/02-avgransning.md",
    "Broken repository link: ACCEPTANCE_REPORT.md: reports/03-diskussion.md",
    "Broken repository link: ACCEPTANCE_REPORT.md: publication/references.json",
    "Broken repository link: ACCEPTANCE_REPORT.md: publication/diagrams.json",
    "Broken repository link: ACCEPTANCE_REPORT.md: robotops/demo.py",
    "Broken repository link: ACCEPTANCE_REPORT.md: uv.lock",
    "Broken repository link: ACCEPTANCE_REPORT.md: .python-version",
    "Broken repository link: ACCEPTANCE_REPORT.md: docs/implementation/dependencies.md",
    "Broken repository link: ACCEPTANCE_REPORT.md: docs/adr/0001-durable-synthetic-boundaries.md",
    "Broken repository link: ACCEPTANCE_REPORT.md: publication/references.json",
    "Broken repository link: ACCEPTANCE_REPORT.md: robotops/domain/models.py",
    "Broken repository link: ACCEPTANCE_REPORT.md: robotops/faults/injection.py",
    "Broken repository link: ACCEPTANCE_REPORT.md: robotops/cell/runtime.py",
    "Broken repository link: ACCEPTANCE_REPORT.md: tests/integration/test_runtime.py",
    "Broken repository link: ACCEPTANCE_REPORT.md: robotops/cell/runtime.py",
    "Broken repository link: ACCEPTANCE_REPORT.md: tests/integration/test_runtime.py",
    "Broken repository link: ACCEPTANCE_REPORT.md: robotops/cell/controller.py",
    "Broken repository link: ACCEPTANCE_REPORT.md: tests/e2e/test_workflow.py",
    "Broken repository link: ACCEPTANCE_REPORT.md: robotops/brain/validation.py",
    "Broken repository link: ACCEPTANCE_REPORT.md: robotops/workflow/engine.py",
    "Broken repository link: ACCEPTANCE_REPORT.md: robotops/cell/runtime.py",
    "Broken repository link: ACCEPTANCE_REPORT.md: robotops/robot_gateway/gateway.py",
    "Broken repository link: ACCEPTANCE_REPORT.md: robotops/cell/runtime.py",
    "Broken repository link: ACCEPTANCE_REPORT.md: tests/integration/test_runtime.py",
    "Broken repository link: ACCEPTANCE_REPORT.md: robotops/workflow/store.py",
    "Broken repository link: ACCEPTANCE_REPORT.md: tests/integration/test_store.py",
    "Broken repository link: ACCEPTANCE_REPORT.md: robotops/cell/runtime.py",
    "Broken repository link: ACCEPTANCE_REPORT.md: robotops/robot_gateway/gateway.py",
    "Broken repository link: ACCEPTANCE_REPORT.md: reports/01-design.md",
    "Broken repository link: ACCEPTANCE_REPORT.md: reports/02-avgransning.md",
    "Broken repository link: ACCEPTANCE_REPORT.md: reports/03-diskussion.md",
    "Broken repository link: ACCEPTANCE_REPORT.md: publication/references.json",
    "Broken repository link: ACCEPTANCE_REPORT.md: publication/diagrams.json",
    "Broken repository link: ACCEPTANCE_REPORT.md: reports/01-design.md",
    "Broken repository link: ACCEPTANCE_REPORT.md: reports/02-avgransning.md",
    "Broken repository link: ACCEPTANCE_REPORT.md: reports/03-diskussion.md",
    "Broken repository link: ACCEPTANCE_REPORT.md: publication/references.json",
    "Broken repository link: ACCEPTANCE_REPORT.md: publication/diagrams.json",
    "Broken repository link: ACCEPTANCE_REPORT.md: reports/01-design.md",
    "Broken repository link: ACCEPTANCE_REPORT.md: reports/02-avgransning.md",
    "Broken repository link: ACCEPTANCE_REPORT.md: reports/03-diskussion.md",
    "Broken repository link: ACCEPTANCE_REPORT.md: publication/references.json",
    "Broken repository link: ACCEPTANCE_REPORT.md: publication/diagrams.json",
    "Broken repository link: ACCEPTANCE_REPORT.md: reports/01-design.md",
    "Broken repository link: ACCEPTANCE_REPORT.md: reports/02-avgransning.md",
    "Broken repository link: ACCEPTANCE_REPORT.md: reports/03-diskussion.md",
    "Broken repository link: ACCEPTANCE_REPORT.md: publication/references.json",
    "Broken repository link: ACCEPTANCE_REPORT.md: publication/diagrams.json",
    "Broken repository link: ACCEPTANCE_REPORT.md: tools/drift_check.py",
    "Broken repository link: ACCEPTANCE_REPORT.md: tools/build_publication.py",
    "Broken repository link: ACCEPTANCE_REPORT.md: docs/acceptance-map.json",
    "Broken repository link: ACCEPTANCE_REPORT.md: .github/workflows/publish-reports.yml",
    "Broken repository link: ACCEPTANCE_REPORT.md: tools/build_publication.py",
    "Broken repository link: ACCEPTANCE_REPORT.md: .github/workflows/publish-reports.yml",
    "Broken repository link: ACCEPTANCE_REPORT.md: tools/build_publication.py",
    "Broken repository link: ACCEPTANCE_REPORT.md: publication/status.json",
    "Broken repository link: ACCEPTANCE_REPORT.md: tools/build_publication.py",
    "Broken repository link: ACCEPTANCE_REPORT.md: tools/acceptance.py",
    "Broken repository link: ACCEPTANCE_REPORT.md: reports/01-design.md",
    "Broken repository link: ACCEPTANCE_REPORT.md: reports/02-avgransning.md",
    "Broken repository link: ACCEPTANCE_REPORT.md: reports/03-diskussion.md",
    "Broken repository link: ACCEPTANCE_REPORT.md: publication/references.json",
    "Broken repository link: ACCEPTANCE_REPORT.md: publication/diagrams.json",
    "Broken repository link: ACCEPTANCE_REPORT.md: robotops/observability/metrics.py",
    "Broken repository link: ACCEPTANCE_REPORT.md: apps/erp_ui/index.html",
    "Broken repository link: ACCEPTANCE_REPORT.md: apps/erp_ui/app.js",
    "Broken repository link: ACCEPTANCE_REPORT.md: docs/evidence/p5-browser-evidence.json",
    "Broken repository link: ACCEPTANCE_REPORT.md: docs/evidence/ui-p5-completed.png",
    "Broken repository link: ACCEPTANCE_REPORT.md: robotops/observability/metrics.py",
    "Broken repository link: ACCEPTANCE_REPORT.md: apps/erp_ui/index.html",
    "Broken repository link: ACCEPTANCE_REPORT.md: apps/erp_ui/app.js",
    "Broken repository link: ACCEPTANCE_REPORT.md: docs/evidence/p5-browser-evidence.json",
    "Broken repository link: ACCEPTANCE_REPORT.md: docs/evidence/ui-p5-completed.png",
    "Broken repository link: ACCEPTANCE_REPORT.md: robotops/observability/metrics.py",
    "Broken repository link: ACCEPTANCE_REPORT.md: apps/erp_ui/index.html",
    "Broken repository link: ACCEPTANCE_REPORT.md: apps/erp_ui/app.js",
    "Broken repository link: ACCEPTANCE_REPORT.md: docs/evidence/p5-browser-evidence.json",
    "Broken repository link: ACCEPTANCE_REPORT.md: docs/evidence/ui-p5-completed.png",
    "Broken repository link: ACCEPTANCE_REPORT.md: robotops/observability/metrics.py",
    "Broken repository link: ACCEPTANCE_REPORT.md: apps/erp_ui/index.html",
    "Broken repository link: ACCEPTANCE_REPORT.md: apps/erp_ui/app.js",
    "Broken repository link: ACCEPTANCE_REPORT.md: docs/evidence/p5-browser-evidence.json",
    "Broken repository link: ACCEPTANCE_REPORT.md: docs/evidence/ui-p5-completed.png",
    "Broken repository link: ACCEPTANCE_REPORT.md: robotops/domain/models.py",
    "Broken repository link: ACCEPTANCE_REPORT.md: robotops/verification/verifier.py",
    "Broken repository link: ACCEPTANCE_REPORT.md: publication/diagrams.json",
    "Broken repository link: ACCEPTANCE_REPORT.md: robotops/domain/models.py",
    "Broken repository link: ACCEPTANCE_REPORT.md: robotops/verification/verifier.py",
    "Broken repository link: ACCEPTANCE_REPORT.md: publication/diagrams.json",
    "Broken repository link: ACCEPTANCE_REPORT.md: robotops/observation/model.py",
    "Broken repository link: ACCEPTANCE_REPORT.md: robotops/verification/verifier.py",
    "Broken repository link: ACCEPTANCE_REPORT.md: tests/e2e/test_workflow.py",
    "Broken repository link: ACCEPTANCE_REPORT.md: robotops/verification/verifier.py",
    "Broken repository link: ACCEPTANCE_REPORT.md: contracts/schemas/VerificationResult.json",
    "Broken repository link: ACCEPTANCE_REPORT.md: robotops/observation/model.py",
    "Broken repository link: ACCEPTANCE_REPORT.md: robotops/verification/verifier.py",
    "Broken repository link: ACCEPTANCE_REPORT.md: tests/e2e/test_workflow.py",
    "Broken repository link: ACCEPTANCE_REPORT.md: robotops/demo.py",
    "Broken repository link: ACCEPTANCE_REPORT.md: robotops/workflow/engine.py",
    "Broken repository link: ACCEPTANCE_REPORT.md: robotops/workflow/store.py",
    "Broken repository link: ACCEPTANCE_REPORT.md: tests/integration/test_process_restart.py",
    "Broken repository link: ACCEPTANCE_REPORT.md: robotops/workflow/engine.py",
    "Broken repository link: ACCEPTANCE_REPORT.md: robotops/workflow/store.py",
    "Broken repository link: ACCEPTANCE_REPORT.md: tests/integration/test_process_restart.py",
    "Broken repository link: ACCEPTANCE_REPORT.md: robotops/workflow/engine.py",
    "Broken repository link: ACCEPTANCE_REPORT.md: robotops/workflow/store.py",
    "Broken repository link: ACCEPTANCE_REPORT.md: tests/integration/test_process_restart.py",
    "Broken repository link: ACCEPTANCE_REPORT.md: apps/desktop/backend.py",
    "Broken repository link: ACCEPTANCE_REPORT.md: tests/integration/test_desktop_backend.py",
    "Broken repository link: ACCEPTANCE_REPORT.md: docs/implementation/desktop.md",
    "Broken repository link: ACCEPTANCE_REPORT.md: apps/api/test_sessions.py",
    "Broken repository link: ACCEPTANCE_REPORT.md: tests/integration/test_simulation_tests.py",
    "Broken repository link: ACCEPTANCE_REPORT.md: docs/adr/0007-independent-simulation-tests.md",
    "Broken repository link: ACCEPTANCE_REPORT.md: docs/evidence/test-lifecycle-local.json",
    "Broken repository link: ACCEPTANCE_REPORT.md: tests/integration/test_test_management.py",
    "Broken repository link: ACCEPTANCE_REPORT.md: docs/adr/0011-cell-selection-and-test-data-lifecycle.md",
    "Broken repository link: ACCEPTANCE_REPORT.md: tests/e2e/test_workflow.py",
    "Broken repository link: ACCEPTANCE_REPORT.md: tests/blender/test_blender_runtime.py",
    "Broken repository link: ACCEPTANCE_REPORT.md: docs/implementation/reconciliation.md",
    "Broken repository link: ACCEPTANCE_REPORT.md: tests/e2e/test_workflow.py",
    "Broken repository link: ACCEPTANCE_REPORT.md: tests/blender/test_blender_runtime.py",
    "Broken repository link: ACCEPTANCE_REPORT.md: docs/implementation/reconciliation.md",
    "Broken repository link: ACCEPTANCE_REPORT.md: tests/e2e/test_reobservation.py",
    "Broken repository link: ACCEPTANCE_REPORT.md: docs/adr/0008-explicit-reobservation-after-intervention.md",
    "Broken repository link: ACCEPTANCE_REPORT.md: tests/e2e/test_workflow.py",
    "Broken repository link: ACCEPTANCE_REPORT.md: tests/blender/test_blender_runtime.py",
    "Broken repository link: ACCEPTANCE_REPORT.md: docs/implementation/reconciliation.md",
    "Broken repository link: ACCEPTANCE_REPORT.md: tests/e2e/test_workflow.py",
    "Broken repository link: ACCEPTANCE_REPORT.md: tests/blender/test_blender_runtime.py",
    "Broken repository link: ACCEPTANCE_REPORT.md: docs/implementation/reconciliation.md",
    "Broken repository link: ACCEPTANCE_REPORT.md: tests/e2e/test_reobservation.py",
    "Broken repository link: ACCEPTANCE_REPORT.md: docs/adr/0008-explicit-reobservation-after-intervention.md",
    "Broken repository link: ACCEPTANCE_REPORT.md: robotops/observation/model.py",
    "Broken repository link: ACCEPTANCE_REPORT.md: robotops/verification/verifier.py",
    "Broken repository link: ACCEPTANCE_REPORT.md: tests/e2e/test_workflow.py",
    "Broken repository link: ACCEPTANCE_REPORT.md: tests/e2e/test_reobservation.py",
    "Broken repository link: ACCEPTANCE_REPORT.md: docs/adr/0008-explicit-reobservation-after-intervention.md",
    "Broken repository link: ACCEPTANCE_REPORT.md: robotops/cell/runtime.py",
    "Broken repository link: ACCEPTANCE_REPORT.md: robotops/verification/verifier.py",
    "Broken repository link: ACCEPTANCE_REPORT.md: tests/e2e/test_workflow.py",
    "Broken repository link: ACCEPTANCE_REPORT.md: tests/blender/test_blender_runtime.py",
    "Broken repository link: ACCEPTANCE_REPORT.md: docs/implementation/reconciliation.md",
    "Broken repository link: ACCEPTANCE_REPORT.md: apps/api/test_sessions.py",
    "Broken repository link: ACCEPTANCE_REPORT.md: tests/integration/test_simulation_tests.py",
    "Broken repository link: ACCEPTANCE_REPORT.md: docs/adr/0007-independent-simulation-tests.md",
    "Broken repository link: ACCEPTANCE_REPORT.md: docs/evidence/test-lifecycle-local.json",
    "Broken repository link: ACCEPTANCE_REPORT.md: tests/e2e/test_reobservation.py",
    "Broken repository link: ACCEPTANCE_REPORT.md: docs/adr/0008-explicit-reobservation-after-intervention.md",
    "Broken repository link: ACCEPTANCE_REPORT.md: robotops/workflow/states.py",
    "Broken repository link: ACCEPTANCE_REPORT.md: tests/unit/test_states.py",
    "Broken repository link: ACCEPTANCE_REPORT.md: tests/e2e/test_reobservation.py",
    "Broken repository link: ACCEPTANCE_REPORT.md: docs/adr/0008-explicit-reobservation-after-intervention.md",
    "Broken repository link: ACCEPTANCE_REPORT.md: robotops/workflow/states.py",
    "Broken repository link: ACCEPTANCE_REPORT.md: robotops/workflow/engine.py",
    "Broken repository link: ACCEPTANCE_REPORT.md: robotops/workflow/states.py",
    "Broken repository link: ACCEPTANCE_REPORT.md: robotops/workflow/engine.py",
    "Broken repository link: ACCEPTANCE_REPORT.md: tests/e2e/test_reobservation.py",
    "Broken repository link: ACCEPTANCE_REPORT.md: docs/adr/0008-explicit-reobservation-after-intervention.md",
    "Broken repository link: ACCEPTANCE_REPORT.md: robotops/observation/model.py",
    "Broken repository link: ACCEPTANCE_REPORT.md: robotops/verification/verifier.py",
    "Broken repository link: ACCEPTANCE_REPORT.md: tests/e2e/test_workflow.py",
    "Broken repository link: ACCEPTANCE_REPORT.md: tests/e2e/test_reobservation.py",
    "Broken repository link: ACCEPTANCE_REPORT.md: docs/adr/0008-explicit-reobservation-after-intervention.md",
    "Broken repository link: ACCEPTANCE_REPORT.md: robotops/cell/runtime.py",
    "Broken repository link: ACCEPTANCE_REPORT.md: tests/integration/test_runtime.py",
    "Broken repository link: ACCEPTANCE_REPORT.md: robotops/cell/controller.py",
    "Broken repository link: ACCEPTANCE_REPORT.md: tests/e2e/test_workflow.py",
    "Broken repository link: ACCEPTANCE_REPORT.md: pyproject.toml",
    "Broken repository link: ACCEPTANCE_REPORT.md: Makefile",
    "Broken repository link: ACCEPTANCE_REPORT.md: tests/conftest.py",
    "Broken repository link: ACCEPTANCE_REPORT.md: .github/workflows/ci.yml",
    "Broken repository link: ACCEPTANCE_REPORT.md: pyproject.toml",
    "Broken repository link: ACCEPTANCE_REPORT.md: Makefile",
    "Broken repository link: ACCEPTANCE_REPORT.md: tests/conftest.py",
    "Broken repository link: ACCEPTANCE_REPORT.md: .github/workflows/ci.yml",
    "Broken repository link: ACCEPTANCE_REPORT.md: pyproject.toml",
    "Broken repository link: ACCEPTANCE_REPORT.md: Makefile",
    "Broken repository link: ACCEPTANCE_REPORT.md: tests/conftest.py",
    "Broken repository link: ACCEPTANCE_REPORT.md: .github/workflows/ci.yml",
    "Broken repository link: ACCEPTANCE_REPORT.md: pyproject.toml",
    "Broken repository link: ACCEPTANCE_REPORT.md: pyproject.toml",
    "Broken repository link: ACCEPTANCE_REPORT.md: docs/security-exceptions.json",
    "Broken repository link: ACCEPTANCE_REPORT.md: docs/implementation/dependencies.md",
    "Broken repository link: ACCEPTANCE_REPORT.md: uv.lock",
    "Broken repository link: ACCEPTANCE_REPORT.md: pyproject.toml",
    "Broken repository link: ACCEPTANCE_REPORT.md: Makefile",
    "Broken repository link: ACCEPTANCE_REPORT.md: tests/conftest.py",
    "Broken repository link: ACCEPTANCE_REPORT.md: .github/workflows/ci.yml",
    "Broken repository link: ACCEPTANCE_REPORT.md: tests/browser/test_investigation.py",
    "Broken repository link: ACCEPTANCE_REPORT.md: tests/ui/investigation.test.cjs",
    "Broken repository link: ACCEPTANCE_REPORT.md: tests/ui/dashboard.test.cjs",
    "Broken repository link: ACCEPTANCE_REPORT.md: apps/erp_ui/app.js",
    "Broken repository link: ACCEPTANCE_REPORT.md: apps/erp_ui/workflow-guide.js",
    "Broken repository link: ACCEPTANCE_REPORT.md: docs/implementation/investigation.md",
    "Broken repository link: ACCEPTANCE_REPORT.md: docs/adr/0012-evidence-driven-investigation.md",
    "Broken repository link: ACCEPTANCE_REPORT.md: tests/browser/test_investigation.py",
    "Broken repository link: ACCEPTANCE_REPORT.md: tests/ui/investigation.test.cjs",
    "Broken repository link: ACCEPTANCE_REPORT.md: tests/ui/dashboard.test.cjs",
    "Broken repository link: ACCEPTANCE_REPORT.md: apps/erp_ui/app.js",
    "Broken repository link: ACCEPTANCE_REPORT.md: apps/erp_ui/workflow-guide.js",
    "Broken repository link: ACCEPTANCE_REPORT.md: docs/implementation/investigation.md",
    "Broken repository link: ACCEPTANCE_REPORT.md: docs/adr/0012-evidence-driven-investigation.md",
    "Broken repository link: ACCEPTANCE_REPORT.md: tests/browser/test_investigation.py",
    "Broken repository link: ACCEPTANCE_REPORT.md: tests/ui/investigation.test.cjs",
    "Broken repository link: ACCEPTANCE_REPORT.md: tests/ui/dashboard.test.cjs",
    "Broken repository link: ACCEPTANCE_REPORT.md: apps/erp_ui/app.js",
    "Broken repository link: ACCEPTANCE_REPORT.md: apps/erp_ui/workflow-guide.js",
    "Broken repository link: ACCEPTANCE_REPORT.md: docs/implementation/investigation.md",
    "Broken repository link: ACCEPTANCE_REPORT.md: docs/adr/0012-evidence-driven-investigation.md",
    "Broken repository link: ACCEPTANCE_REPORT.md: tests/browser/test_investigation.py",
    "Broken repository link: ACCEPTANCE_REPORT.md: tests/ui/investigation.test.cjs",
    "Broken repository link: ACCEPTANCE_REPORT.md: tests/ui/dashboard.test.cjs",
    "Broken repository link: ACCEPTANCE_REPORT.md: apps/erp_ui/app.js",
    "Broken repository link: ACCEPTANCE_REPORT.md: apps/erp_ui/workflow-guide.js",
    "Broken repository link: ACCEPTANCE_REPORT.md: docs/implementation/investigation.md",
    "Broken repository link: ACCEPTANCE_REPORT.md: docs/adr/0012-evidence-driven-investigation.md",
    "Broken repository link: ACCEPTANCE_REPORT.md: tests/browser/test_investigation.py",
    "Broken repository link: ACCEPTANCE_REPORT.md: tests/ui/investigation.test.cjs",
    "Broken repository link: ACCEPTANCE_REPORT.md: tests/ui/dashboard.test.cjs",
    "Broken repository link: ACCEPTANCE_REPORT.md: apps/erp_ui/app.js",
    "Broken repository link: ACCEPTANCE_REPORT.md: apps/erp_ui/workflow-guide.js",
    "Broken repository link: ACCEPTANCE_REPORT.md: docs/implementation/investigation.md",
    "Broken repository link: ACCEPTANCE_REPORT.md: docs/adr/0012-evidence-driven-investigation.md",
    "Broken repository link: ACCEPTANCE_REPORT.md: tests/browser/test_investigation.py",
    "Broken repository link: ACCEPTANCE_REPORT.md: tests/ui/investigation.test.cjs",
    "Broken repository link: ACCEPTANCE_REPORT.md: tests/ui/dashboard.test.cjs",
    "Broken repository link: ACCEPTANCE_REPORT.md: apps/erp_ui/app.js",
    "Broken repository link: ACCEPTANCE_REPORT.md: apps/erp_ui/workflow-guide.js",
    "Broken repository link: ACCEPTANCE_REPORT.md: docs/implementation/investigation.md",
    "Broken repository link: ACCEPTANCE_REPORT.md: docs/adr/0012-evidence-driven-investigation.md",
    "Broken repository link: ACCEPTANCE_REPORT.md: tests/browser/test_investigation.py",
    "Broken repository link: ACCEPTANCE_REPORT.md: tests/ui/investigation.test.cjs",
    "Broken repository link: ACCEPTANCE_REPORT.md: tests/ui/dashboard.test.cjs",
    "Broken repository link: ACCEPTANCE_REPORT.md: apps/erp_ui/app.js",
    "Broken repository link: ACCEPTANCE_REPORT.md: apps/erp_ui/workflow-guide.js",
    "Broken repository link: ACCEPTANCE_REPORT.md: docs/implementation/investigation.md",
    "Broken repository link: ACCEPTANCE_REPORT.md: docs/adr/0012-evidence-driven-investigation.md",
    "Broken repository link: ACCEPTANCE_REPORT.md: tests/browser/test_investigation.py",
    "Broken repository link: ACCEPTANCE_REPORT.md: tests/ui/investigation.test.cjs",
    "Broken repository link: ACCEPTANCE_REPORT.md: tests/ui/dashboard.test.cjs",
    "Broken repository link: ACCEPTANCE_REPORT.md: apps/erp_ui/app.js",
    "Broken repository link: ACCEPTANCE_REPORT.md: apps/erp_ui/workflow-guide.js",
    "Broken repository link: ACCEPTANCE_REPORT.md: docs/implementation/investigation.md",
    "Broken repository link: ACCEPTANCE_REPORT.md: docs/adr/0012-evidence-driven-investigation.md",
    "Broken repository link: ACCEPTANCE_REPORT.md: docs/implementation/desktop.md",
    "Broken repository link: ACCEPTANCE_REPORT.md: docs/evidence/3d-desktop.json",
    "Broken repository link: ACCEPTANCE_REPORT.md: docs/implementation/hkm-inspired.md",
    "Broken repository link: ACCEPTANCE_REPORT.md: docs/adr/0010-hkm-inspired-versioned-cell.md",
    "Broken repository link: ACCEPTANCE_REPORT.md: docs/generated/product-tool-catalogue.md",
    "Broken repository link: ACCEPTANCE_REPORT.md: docs/evidence/hkm-baseline-eaf35b4/provenance.json",
    "Broken repository link: ACCEPTANCE_REPORT.md: docs/implementation/playback.md",
    "Broken repository link: ACCEPTANCE_REPORT.md: docs/evidence/3d-scenarios.json",
    "Broken repository link: ACCEPTANCE_REPORT.md: docs/adr/0004-full-3d-scenario-replay.md",
    "Broken repository link: ACCEPTANCE_REPORT.md: docs/implementation/investigation.md",
    "Broken repository link: ACCEPTANCE_REPORT.md: docs/evidence/investigation-ui-baseline/README.md",
    "Broken repository link: ACCEPTANCE_REPORT.md: docs/evidence/test-management-local/README.md",
    "Broken repository link: ACCEPTANCE_REPORT.md: docs/evidence/test-management-final/README.md",
    "Broken repository link: ACCEPTANCE_REPORT.md: docs/implementation/scenarios.md",
    "Broken repository link: ACCEPTANCE_REPORT.md: docs/evidence/scenario-help-local.json",
    "Broken repository link: ACCEPTANCE_REPORT.md: docs/evidence/reobservation-local.json",
    "Broken repository link: ACCEPTANCE_REPORT.md: docs/evidence/guided-workflow-local.json",
    "Broken repository link: ACCEPTANCE_REPORT.md: docs/evidence/test-lifecycle-local.json",
    "Broken repository link: CODEX_GOAL_CHECKLIST.md: GOAL.md",
    "Broken repository link: CODEX_GOAL_CHECKLIST.md: docs/integration-lab-requirements.md",
    "Broken repository link: CODEX_GOAL_CHECKLIST.md: docs/evidence/acceptance/20261005T014537/manifest.json",
    "Broken repository link: CODEX_GOAL_CHECKLIST.md: docs/evidence/investigation-ui-final/README.md",
    "Broken repository link: CODEX_GOAL_CHECKLIST.md: docs/evidence/acceptance/20261004T204452/manifest.json",
    "Broken repository link: CODEX_GOAL_CHECKLIST.md: docs/evidence/test-management-final/README.md",
    "Broken repository link: CODEX_GOAL_CHECKLIST.md: docs/adr/0010-hkm-inspired-versioned-cell.md",
    "Broken repository link: CODEX_GOAL_CHECKLIST.md: docs/evidence/hkm-baseline-eaf35b4/provenance.json",
    "Broken repository link: GOAL_PROGRESS.md: GOAL.md",
    "Broken repository link: GOAL_PROGRESS.md: docs/evidence/lab-f78985b/summary.json",
    "Broken repository link: GOAL_PROGRESS.md: docs/evidence/acceptance/20261005T195412/manifest.json",
    "Broken repository link: GOAL_PROGRESS.md: docs/evidence/lab-f78985b/corrections/summary.json",
    "Broken repository link: GOAL_PROGRESS.md: docs/evidence/acceptance/20261005T210653/interruption.json",
    "Broken repository link: GOAL_PROGRESS.md: docs/evidence/lab-f00ad15/summary.json",
    "Broken repository link: GOAL_PROGRESS.md: docs/evidence/lab-dfb06bc/summary.json",
    "Broken repository link: GOAL_PROGRESS.md: docs/evidence/acceptance/20261005T224038/manifest.json",
    "Broken repository link: GOAL_PROGRESS.md: docs/evidence/lab-4774af5/summary.json",
    "Broken repository link: GOAL_PROGRESS.md: docs/evidence/scenario-label-correction/summary.json",
    "Broken repository link: GOAL_PROGRESS.md: docs/evidence/lab-b968586/summary.json",
    "Broken repository link: GOAL_PROGRESS.md: docs/integration-lab-native.md",
    "Broken repository link: GOAL_PROGRESS.md: docs/evidence/lab-b968586/http-loop-correction/summary.json",
    "Broken repository link: GOAL_PROGRESS.md: docs/integration-lab-requirements.md",
    "Broken repository link: GOAL_PROGRESS.md: docs/evidence/acceptance/20261005T141427/manifest.json",
    "Broken repository link: GOAL_PROGRESS.md: docs/evidence/reset-verified/README.md",
    "Broken repository link: GOAL_PROGRESS.md: docs/evidence/test-reset-read-drain/README.md",
    "Broken repository link: GOAL_PROGRESS.md: docs/evidence/test-reset-visibility/README.md",
    "Broken repository link: GOAL_PROGRESS.md: docs/evidence/acceptance/20261005T113952/manifest.json",
    "Broken repository link: GOAL_PROGRESS.md: docs/evidence/test-reset-final/README.md",
    "Broken repository link: GOAL_PROGRESS.md: docs/evidence/test-reset-development/README.md",
    "Broken repository link: GOAL_PROGRESS.md: docs/evidence/acceptance/20261005T014537/manifest.json",
    "Broken repository link: GOAL_PROGRESS.md: docs/evidence/investigation-ui-final/README.md",
    "Broken repository link: GOAL_PROGRESS.md: docs/evidence/acceptance/20261005T012342/README.md",
    "Broken repository link: GOAL_PROGRESS.md: docs/evidence/acceptance/20261004T204452/manifest.json",
    "Broken repository link: GOAL_PROGRESS.md: docs/evidence/test-management-final/README.md",
    "Broken repository link: GOAL_PROGRESS.md: docs/evidence/acceptance/20261004T122253/manifest.json",
    "Broken repository link: GOAL_PROGRESS.md: docs/evidence/hkm-blender-local/result.json",
    "Broken repository link: GOAL_PROGRESS.md: docs/evidence/acceptance/20261004T000708/manifest.json",
    "Broken repository link: GOAL_PROGRESS.md: docs/evidence/hkm-baseline-eaf35b4/baseline-result.json",
    "Broken repository link: GOAL_PROGRESS.md: docs/evidence/hkm-baseline-eaf35b4/provenance.json",
    "Broken repository link: GOAL_PROGRESS.md: docs/adr/0010-hkm-inspired-versioned-cell.md",
    "Broken repository link: GOAL_PROGRESS.md: docs/implementation/hkm-inspired.md",
    "Broken repository link: GOAL_PROGRESS.md: docs/evidence/hkm-governance/result.json",
    "Broken repository link: GOAL_PROGRESS.md: docs/evidence/hkm-api/result.json",
    "Broken repository link: GOAL_PROGRESS.md: docs/evidence/hkm-blender-local/result.json",
    "Broken repository link: GOAL_PROGRESS.md: docs/evidence/technical-details-local.json",
    "Broken repository link: GOAL_PROGRESS.md: docs/evidence/acceptance/20261003T220839/manifest.json",
    "Broken repository link: GOAL_PROGRESS.md: docs/evidence/workspace-release.json",
    "Broken repository link: GOAL_PROGRESS.md: docs/evidence/scenario-help-local.json",
    "Broken repository link: GOAL_PROGRESS.md: docs/evidence/guided-workflow-local.json",
    "Broken repository link: GOAL_PROGRESS.md: docs/evidence/reobservation-local.json",
    "Broken repository link: GOAL_PROGRESS.md: docs/evidence/test-lifecycle-local.json",
    "Broken repository link: HANDOFF.md: GOAL.md",
    "Broken repository link: HANDOFF.md: docs/integration-lab-requirements.md",
    "Broken repository link: HANDOFF.md: docs/evidence/acceptance/20261005T141427/manifest.json",
    "Broken repository link: HANDOFF.md: docs/evidence/reset-verified/README.md",
    "Broken repository link: HANDOFF.md: docs/evidence/acceptance/20261005T014537/manifest.json",
    "Broken repository link: HANDOFF.md: docs/evidence/investigation-ui-final/README.md",
    "Broken repository link: HANDOFF.md: docs/evidence/acceptance/20261004T204452/manifest.json",
    "Broken repository link: HANDOFF.md: docs/evidence/test-management-final/README.md",
    "Broken repository link: PROJECT_PLAN.md: GOAL.md",
    "Broken repository link: PROJECT_PLAN.md: docs/integration-lab-requirements.md",
    "Broken repository link: PROJECT_PLAN.md: docs/adr/0010-hkm-inspired-versioned-cell.md",
    "Broken repository link: PROJECT_PLAN.md: docs/implementation/hkm-inspired.md",
    "Broken repository link: PROJECT_PLAN.md: docs/evidence/acceptance/20261005T014537/manifest.json",
    "Broken repository link: PROJECT_PLAN.md: docs/evidence/investigation-ui-final/README.md",
    "Broken repository link: PUBLICATION.md: docs/integration-lab-requirements.md",
    "Broken repository link: PUBLICATION.md: docs/evidence/reset-verified/README.md",
    "Broken repository link: PUBLICATION.md: docs/evidence/test-reset-final/README.md",
    "Broken repository link: PUBLICATION.md: docs/evidence/acceptance/20261005T014537/manifest.json",
    "Broken repository link: PUBLICATION.md: docs/evidence/investigation-ui-final/README.md",
    "Broken repository link: PUBLICATION.md: docs/evidence/acceptance/20261004T204452/manifest.json",
    "Broken repository link: PUBLICATION.md: docs/evidence/test-management-final/README.md",
    "Broken repository link: PUBLICATION.md: docs/evidence/hkm-baseline-eaf35b4/provenance.json",
    "Broken repository link: PUBLICATION.md: docs/implementation/scenarios.md",
    "Broken repository link: PUBLICATION.md: docs/evidence/workspace-release.json",
    "Broken repository link: README.md: docs/implementation/investigation.md",
    "Broken repository link: README.md: docs/evidence/investigation-ui-final/README.md",
    "Broken repository link: README.md: docs/implementation/hkm-inspired.md",
    "Broken repository link: README.md: docs/evidence/hkm-blender-local/result.json",
    "Broken repository link: README.md: docs/evidence/hkm-baseline-eaf35b4/provenance.json",
    "Broken repository link: README.md: docs/evidence/investigation-ui-baseline/ACCEPTANCE_REPORT.txt",
    "Broken repository link: README.md: docs/evidence/test-management-final/README.md",
    "Broken repository link: README.md: docs/integration-lab.md",
    "Broken repository link: README.md: docs/integration-lab-native.md",
    "Broken repository link: README.md: docs/integration-lab-requirements.md",
    "Broken repository link: README.md: docs/implementation/dependencies.md",
    "Broken repository link: README.md: docs/implementation/desktop.md",
    "Broken repository link: README.md: docs/implementation/investigation.md",
    "Broken repository link: README.md: docs/implementation/scenarios.md",
    "Broken repository link: README.md: docs/adr/0012-evidence-driven-investigation.md",
    "Broken repository link: README.md: docs/adr/0013-reusable-test-lifecycle.md",
    "Broken repository link: README.md: docs/implementation/playback.md",
    "Broken repository link: README.md: docs/implementation/operations.md",
    "Broken repository link: README.md: docs/implementation/contracts.md",
    "Broken repository link: README.md: docs/implementation/hkm-inspired.md",
    "Broken repository link: README.md: docs/implementation/persistence.md",
    "Broken repository link: README.md: docs/implementation/reconciliation.md",
    "Broken repository link: README.md: docs/implementation/runtime.md",
    "Broken repository link: README.md: docs/implementation/blender.md",
    "Broken repository link: README.md: docs/implementation/playback.md",
    "Broken repository link: README.md: docs/implementation/acceptance.md",
    "Broken repository link: README.md: docs/adr/0001-durable-synthetic-boundaries.md",
    "Broken repository link: README.md: reports/01-design.md",
    "Broken repository link: README.md: reports/02-avgransning.md",
    "Broken repository link: README.md: reports/03-diskussion.md",
    "Broken repository link: README.md: publication/references.json",
    "Broken repository link: README.md: publication/diagrams.json",
    "Broken repository link: README.md: LICENSE"
  ],
  "files_checked": [
    "ACCEPTANCE_REPORT.md",
    "blender/scene/README.md",
    "CODEX_GOAL_CHECKLIST.md",
    "docs/adr/0001-durable-synthetic-boundaries.md",
    "docs/adr/0002-acceptance-attestations.md",
    "docs/adr/0003-recorded-motion-illustration.md",
    "docs/adr/0004-full-3d-scenario-replay.md",
    "docs/adr/0005-explicit-fresh-fixture-scene.md",
    "docs/adr/0006-delivery-replay-and-scenario-preparation.md",
    "docs/adr/0007-independent-simulation-tests.md",
    "docs/adr/0008-explicit-reobservation-after-intervention.md",
    "docs/adr/0009-guided-simulation-workflow.md",
    "docs/adr/0010-hkm-inspired-versioned-cell.md",
    "docs/adr/0011-cell-selection-and-test-data-lifecycle.md",
    "docs/adr/0012-evidence-driven-investigation.md",
    "docs/adr/0013-reusable-test-lifecycle.md",
    "docs/adr/template.md",
    "docs/evidence/acceptance/20261005T012342/README.md",
    "docs/evidence/hkm-ci-ca77987/README.md",
    "docs/evidence/hkm-final-audit/README.md",
    "docs/evidence/hkm-planning-performance/README.md",
    "docs/evidence/hkm-publication-review/README.md",
    "docs/evidence/investigation-ui-baseline/README.md",
    "docs/evidence/investigation-ui-development/README.md",
    "docs/evidence/investigation-ui-final/README.md",
    "docs/evidence/lab-4774af5/archive-plan.md",
    "docs/evidence/lab-4774af5/audit/final-trace-audit-summary.md",
    "docs/evidence/lab-4774af5/audit/README.md",
    "docs/evidence/lab-4774af5/correction/scenario-label-fix-plan.md",
    "docs/evidence/lab-4774af5/README.md",
    "docs/evidence/lab-9e83fe7/acceptance-local/ACCEPTANCE_REPORT.md",
    "docs/evidence/lab-9e83fe7/index.md",
    "docs/evidence/lab-9e83fe7/launchers/manual-9e83fe7-coverage-amendment.md",
    "docs/evidence/lab-9e83fe7/launchers/manual-9e83fe7-runbook.md",
    "docs/evidence/lab-9e83fe7/preparation/reports/final-report-9e83fe7-local-preparation.md",
    "docs/evidence/lab-9e83fe7/preparation/reports/final-report-9e83fe7-preparation.md",
    "docs/evidence/lab-9e83fe7/preparation/reports/initial/final-report-9e83fe7-preparation.md",
    "docs/evidence/lab-9e83fe7/public-payload/public-payload-review-plan.md",
    "docs/evidence/lab-9e83fe7/publication/site/sources/01-design.md",
    "docs/evidence/lab-9e83fe7/publication/site/sources/02-avgransning.md",
    "docs/evidence/lab-9e83fe7/publication/site/sources/03-diskussion.md",
    "docs/evidence/lab-9e83fe7/publication/site/sources/ACCEPTANCE_REPORT.md",
    "docs/evidence/lab-9e83fe7/publication/site/sources/CODEX_GOAL_CHECKLIST.md",
    "docs/evidence/lab-9e83fe7/publication/site/sources/GOAL_PROGRESS.md",
    "docs/evidence/lab-9e83fe7/publication/site/sources/HANDOFF.md",
    "docs/evidence/lab-9e83fe7/publication/site/sources/PROJECT_PLAN.md",
    "docs/evidence/lab-9e83fe7/publication/site/sources/PUBLICATION.md",
    "docs/evidence/lab-9e83fe7/publication/site/sources/README.md",
    "docs/evidence/lab-9e83fe7/publication/site/sources/SUCCESS_CRITERIA.md",
    "docs/evidence/lab-9e83fe7/recipes/before-byte-binding-fix/audit-programs-usage.md",
    "docs/evidence/lab-9e83fe7/recipes/before-byte-binding-fix/publication-review-usage.md",
    "docs/evidence/lab-9e83fe7/recipes/preparation/audit-programs-usage.md",
    "docs/evidence/lab-9e83fe7/recipes/preparation/case-review-usage.md",
    "docs/evidence/lab-9e83fe7/recipes/preparation/publication-review-usage.md",
    "docs/evidence/lab-9e83fe7/recipes/preparation/terminal-review-usage.md",
    "docs/evidence/lab-a881acf/README.md",
    "docs/evidence/lab-a881acf/response-sync-correction/README.md",
    "docs/evidence/lab-b968586/http-loop-correction/README.md",
    "docs/evidence/lab-b968586/README.md",
    "docs/evidence/lab-publication-link-correction/README.md",
    "docs/evidence/reset-verified/README.md",
    "docs/evidence/test-lifecycle-baseline/README.md",
    "docs/evidence/test-management-final/README.md",
    "docs/evidence/test-management-local/README.md",
    "docs/evidence/test-reset-development/README.md",
    "docs/evidence/test-reset-final/README.md",
    "docs/evidence/test-reset-read-drain/README.md",
    "docs/evidence/test-reset-visibility/README.md",
    "docs/generated/product-tool-catalogue.md",
    "docs/implementation/acceptance.md",
    "docs/implementation/blender.md",
    "docs/implementation/contracts.md",
    "docs/implementation/dependencies.md",
    "docs/implementation/desktop.md",
    "docs/implementation/hkm-inspired.md",
    "docs/implementation/investigation.md",
    "docs/implementation/operations.md",
    "docs/implementation/persistence.md",
    "docs/implementation/playback.md",
    "docs/implementation/reconciliation.md",
    "docs/implementation/runtime.md",
    "docs/implementation/scenarios.md",
    "docs/integration-lab-final-report.md",
    "docs/integration-lab-native.md",
    "docs/integration-lab-requirements.md",
    "docs/integration-lab.md",
    "GOAL.md",
    "GOAL_PROGRESS.md",
    "HANDOFF.md",
    "PROJECT_PLAN.md",
    "PUBLICATION.md",
    "README.md",
    "reports/01-design.md",
    "reports/02-avgransning.md",
    "reports/03-diskussion.md",
    "SUCCESS_CRITERIA.md"
  ],
  "must_count": 169,
  "source_count": 31,
  "diagram_count": 13,
  "credential_scan": "tracked text: private-key/token patterns"
}
